Target	Log2FC	padj
AT3G01345	7.15634210097172	3.16E-134
AT4G02540	4.89166269114177	4.05E-101
AT1G73490	4.77308600028669	5.42E-84
AT1G27180	4.60961542646051	2.41E-74
AT1G23950	3.24262878390066	7.36E-69
AT5G02350	4.0132653120351	2.23E-59
AT1G11280	2.80737828989533	5.97E-58
AT1G02260	3.06844649588978	4.64E-57
AT3G29430	-5.50825041951945	1.36E-52
AT3G48080	4.58475843363378	5.37E-52
AT3G46720	2.48709082145128	3.72E-49
AT1G09420	-2.85024792535744	4.42E-49
AT1G13480	3.0424805654142	6.08E-49
AT5G51630	8.56439723149802	1.00E-43
AT3G44670	1.37439857120893	2.92E-42
AT2G05440	-2.08480441528215	6.49E-42
AT1G23960	7.22724549846774	8.86E-41
AT3G47350	6.93990622498864	1.03E-36
AT2G43590	-2.49781576634567	1.47E-36
AT5G45220	5.35534718492667	3.07E-36
AT5G63760	1.81793065055607	1.11E-35
AT5G45070	9.39017191989202	7.59E-35
AT3G46730	4.19379104205193	7.28E-34
AT3G44480	1.27145928758868	3.28E-30
AT3G29635	-3.93789823167488	5.29E-29
AT5G58575	-1.4239909610953	2.42E-28
AT3G50970	1.49550452256812	2.10E-27
AT5G43040	6.46272595173743	5.85E-27
AT3G50740	0.875389449094958	1.96E-25
AT3G49940	-1.21761517873187	2.51E-25
AT4G02970	1.74856454913372	2.92E-25
AT1G68880	-2.03508346465322	6.91E-25
AT3G47965	2.35354821534998	1.52E-24
AT1G78860	-1.93611817009971	9.80E-24
AT5G03390	-1.77871895387364	1.32E-23
AT5G02360	1.9809497419819	1.98E-23
AT3G53710	0.774017513773674	4.61E-22
AT5G49870	7.58865531114716	1.62E-21
AT5G46510	7.42205978625171	2.47E-21
AT5G43580	1.85919874721585	2.84E-21
AT1G79520	1.625837151053	1.77E-20
AT1G78830	-1.78459733406361	3.72E-20
AT3G47680	8.32863170430538	3.72E-20
AT1G05200	1.55259229438935	3.95E-20
AT5G52320	-4.11813795293343	6.47E-20
AT4G22710	-2.18175858103284	8.33E-20
AT3G61010	-0.755233895836231	2.71E-19
AT5G41750	4.72942424136216	5.44E-19
AT3G28360	-4.84798338450884	5.62E-19
AT4G01590	1.14025062480951	8.21E-19
AT1G01670	-2.78295753569724	1.02E-18
AT5G46520	7.11209919226477	1.11E-18
AT1G04580	-5.01373910822835	1.23E-18
AT1G15890	6.22643388338247	4.05E-18
AT5G48620	1.61369932946027	5.62E-18
AT1G72940	-1.18939658385694	6.41E-18
AT2G05510	-1.17146550048066	1.11E-17
AT5G47810	1.31124789208037	1.25E-17
AT5G18470	-1.00787216282619	1.95E-17
AT3G47360	1.87475702787746	2.36E-17
AT5G58770	2.95729904232417	2.64E-17
AT1G21110	-1.04645443070028	2.83E-17
AT3G43210	1.21389127517267	3.62E-17
AT1G12390	1.92064301688843	3.77E-17
AT3G47300	-1.51637548263968	5.28E-17
AT4G01740	6.14923251050958	5.83E-17
AT3G47010	1.9182243003246	8.28E-17
AT3G47050	-1.48686807467001	1.24E-16
AT5G42250	1.33925490725634	1.24E-16
AT5G43500	1.18564416077369	1.25E-16
AT3G29575	1.44338828903888	3.78E-16
AT5G66530	1.02594415383642	5.17E-16
AT5G58980	1.85786185458855	6.37E-16
AT1G26680	2.773284792812	8.44E-16
AT3G29410	-3.56923198723038	8.89E-16
AT1G09910	1.46631855588156	9.65E-16
AT4G01870	-1.81930559191226	1.05E-15
AT5G47260	-6.50865643956937	1.45E-15
AT3G43740	10.0895924118894	4.91E-15
AT4G01770	1.43420308710467	4.91E-15
AT5G56030	0.768918293654903	5.71E-15
AT1G06640	1.00398081549468	7.64E-15
AT3G30725	-4.24176560156262	9.10E-15
AT1G11800	-1.20129093490333	9.29E-15
AT3G47580	-3.2418785877072	1.22E-14
AT5G51930	-2.01246648674092	1.27E-14
AT5G45080	9.92170462313654	1.31E-14
AT1G19550	-7.10730108962904	2.06E-14
AT3G43890	5.37356862329226	2.73E-14
AT5G43403	7.06562632456877	2.85E-14
AT3G46440	0.60576753276246	4.83E-14
AT5G67420	-0.99239168735958	4.83E-14
AT5G43520	2.00148852509543	5.26E-14
AT3G46700	1.66772804579346	5.33E-14
AT3G46650	4.14520862813476	5.62E-14
AT3G60950	-9.73329880844199	5.62E-14
AT4G02520	-1.26811586440063	6.21E-14
AT3G46980	1.41786440190604	6.38E-14
AT3G47540	-1.43273082069556	6.38E-14
AT5G56910	3.57663768385635	6.38E-14
AT3G50350	1.22894840829049	6.65E-14
AT1G71990	-1.83264551099908	6.80E-14
AT1G73660	-0.919392584207633	7.98E-14
AT5G59530	1.2579646672676	8.01E-14
AT5G66840	-1.48890653870997	9.68E-14
AT5G43030	6.20316040412199	1.05E-13
AT5G52670	-2.03543748882661	1.49E-13
AT5G43350	0.973504881879227	1.58E-13
AT1G27540	1.98706924099706	2.32E-13
AT1G06630	1.10828848995644	2.65E-13
AT5G52680	-3.25484449709559	2.67E-13
AT3G46430	0.805354766847961	3.29E-13
AT5G58120	-1.97393026785099	3.31E-13
AT1G12620	2.20599287097657	3.42E-13
AT5G43370	-2.6830018956735	3.45E-13
AT4G17490	-1.33277879084429	4.46E-13
AT5G65070	2.87716504069016	5.82E-13
AT5G48940	0.667672626798003	7.76E-13
AT5G48780	9.37255708691361	8.23E-13
AT3G52680	5.3516031481143	9.14E-13
AT1G15630	-2.13516965082368	9.20E-13
AT4G33710	-2.05915204798129	9.92E-13
AT5G57785	2.66314573046417	1.01E-12
AT1G77760	0.747467940415461	1.34E-12
AT3G50480	8.07218460944812	1.43E-12
AT1G17240	3.65217717102682	1.43E-12
AT3G27884	-1.48563101995988	1.43E-12
AT1G79470	-0.578749185832678	1.61E-12
AT3G48520	2.04177136450348	2.41E-12
AT3G44716	-2.17634935434792	2.83E-12
AT5G11930	1.25404149220691	2.83E-12
AT5G64410	0.726655167281299	3.29E-12
AT5G24655	1.50676707881333	3.63E-12
AT4G20830	-0.674018262392718	3.96E-12
AT4G22690	-1.35777772156895	4.53E-12
AT5G14700	-1.60257939513972	4.89E-12
AT3G46030	0.639192578915407	5.17E-12
AT1G44050	0.919218608744381	8.75E-12
AT3G28940	0.569511940712203	8.89E-12
AT1G18570	-1.07363835402035	1.81E-11
AT5G51620	7.67399584716703	1.81E-11
AT1G25550	-1.14966438289563	2.53E-11
AT1G72510	0.661962279762153	2.78E-11
AT4G02380	-0.841466744134186	2.82E-11
AT5G44010	-1.78919720613826	3.25E-11
AT5G44910	1.29630595406426	3.40E-11
AT1G04280	-0.545802725399722	3.50E-11
AT5G50400	0.833893256431311	4.07E-11
AT5G56380	6.3506057215785	4.26E-11
AT2G22330	-0.854577856129919	4.36E-11
AT3G51450	-1.04381567535747	5.09E-11
AT3G16150	0.766459968127077	5.67E-11
AT5G19120	-1.67346906984374	6.07E-11
AT1G25230	1.45852421236319	6.79E-11
AT1G33590	-0.836404732789462	7.62E-11
AT5G28510	-2.19548597937844	7.94E-11
AT5G48770	8.63577258976511	8.09E-11
AT3G27990	8.58761433771965	8.27E-11
AT2G41100	-0.902452616071858	8.33E-11
AT5G65080	2.87117379960007	8.63E-11
AT3G48850	-1.19521436097025	8.88E-11
AT1G27030	0.645719215682626	9.05E-11
AT1G09100	0.571118312067724	1.23E-10
AT3G45410	1.06282473485408	1.23E-10
AT1G26150	1.06827962911102	1.39E-10
AT3G53370	1.98761136066381	1.40E-10
AT1G20490	1.89391236551347	1.40E-10
AT3G29310	0.587871309224896	1.45E-10
AT3G53590	-2.06191241279995	1.49E-10
AT5G27930	0.811953648755332	1.56E-10
AT1G14260	-1.66360761894515	1.56E-10
AT4G37540	-1.5168714914846	1.92E-10
AT1G75000	-1.11493097426292	2.04E-10
AT1G21230	-1.32701160774992	2.11E-10
AT5G64910	-2.46553141471432	2.90E-10
AT3G46480	-2.62331184849909	3.35E-10
AT3G53650	7.32143343502924	3.36E-10
AT1G24240	1.52127911779935	3.58E-10
AT3G50500	0.481950426514821	3.66E-10
AT5G46150	0.681837947437309	3.66E-10
AT1G30110	0.788982900505593	3.75E-10
AT5G55780	-1.46865591482184	5.05E-10
AT3G47760	-1.92572432556665	6.04E-10
AT1G80555	-4.52537147549158	6.37E-10
AT1G61820	-0.952854606027957	6.39E-10
AT5G44578	2.40834866783808	7.14E-10
AT1G11860	0.49268302206129	7.64E-10
AT5G42590	2.6669448146562	7.64E-10
AT1G01190	-0.770844087751799	7.98E-10
AT3G27650	1.2486430824744	7.98E-10
AT2G32960	-1.21276483991964	8.44E-10
AT1G80980	8.26197227557895	8.98E-10
AT2G26400	-2.80436345019554	8.98E-10
AT5G60350	-2.21484324614985	8.98E-10
AT1G78380	-0.359711169581784	9.40E-10
AT1G19850	-0.65802721030395	9.59E-10
AT3G27350	0.795483215114964	1.11E-09
AT3G47480	-1.5009674177137	1.21E-09
AT4G24570	-1.21431383746157	1.26E-09
AT4G21120	1.57102903475021	1.44E-09
AT1G07780	-1.20452172041471	1.63E-09
AT1G21640	0.58059799100856	1.65E-09
AT4G26050	1.95327392965378	1.65E-09
AT5G45240	7.36336806946173	1.69E-09
AT1G19080	2.74488881648095	1.71E-09
AT3G44840	8.39825680663543	1.88E-09
AT5G54490	-1.59876507179456	1.88E-09
AT3G05950	-4.85906059036698	1.90E-09
AT3G32030	2.23176102185302	1.91E-09
AT5G44500	1.21661373882328	2.02E-09
AT1G16780	-1.12574090060291	2.14E-09
AT5G47940	0.841543343236183	2.18E-09
AT1G07550	1.91360630621905	2.22E-09
AT3G45443	1.91702317522613	2.25E-09
AT1G11185	-1.2206796455776	2.70E-09
AT1G26530	-2.31421001111008	2.98E-09
AT5G41700	0.626459688909313	3.10E-09
AT5G65020	0.55076312686432	3.45E-09
AT5G50140	8.01249896914634	3.91E-09
AT1G19485	0.741435587179099	4.23E-09
AT1G77580	0.952803970399997	4.23E-09
AT3G48340	0.752049322103705	4.68E-09
AT3G47040	-1.46631094338014	4.96E-09
AT1G23890	1.1279941596551	4.99E-09
AT5G43150	0.658220387889685	5.28E-09
AT1G55760	0.644470235328033	5.28E-09
AT5G59050	0.734363741220434	5.47E-09
AT4G07820	-1.39391147004975	5.49E-09
AT3G60980	-0.768908267720095	5.60E-09
AT3G47420	1.26011237596755	5.67E-09
AT4G39940	-0.539510558200194	6.14E-09
AT1G76350	0.72152479731427	6.42E-09
AT3G61030	-7.92753649859704	6.72E-09
AT5G09800	-0.876680679049407	6.81E-09
AT1G16390	2.25010239734043	7.11E-09
AT3G45000	-3.80641679248663	7.48E-09
AT1G20693	0.41499489739844	8.09E-09
AT5G52330	3.25933091161036	8.38E-09
AT5G17040	1.12657340095988	8.45E-09
AT3G59080	-0.854444913101774	9.30E-09
AT5G64510	-1.50966990471688	9.60E-09
AT1G27570	-7.86286399762354	9.88E-09
AT3G29250	0.998180299468287	1.09E-08
AT5G46650	3.43782080751843	1.19E-08
AT3G47500	0.8237743696428	1.22E-08
AT5G55790	1.65541653708986	1.35E-08
AT4G11280	-0.964726447087671	1.47E-08
AT5G45090	8.11560137547552	1.47E-08
AT3G14990	-0.424450028565624	1.51E-08
AT3G50010	0.869856291941009	1.78E-08
AT1G22980	-1.76209816083912	1.98E-08
AT1G29410	3.82830481784468	2.35E-08
AT2G02010	-1.45344718430499	2.35E-08
AT5G52830	0.697750272879193	2.40E-08
AT3G43220	0.50971845860829	2.45E-08
AT1G71110	-0.679454123727604	2.62E-08
AT3G44710	7.70462174461085	2.62E-08
AT5G45095	7.79258457777722	2.70E-08
AT4G02450	0.418163083702888	2.75E-08
AT1G18140	-2.07444024635983	2.91E-08
AT1G02330	0.593888544484757	2.92E-08
AT1G28130	0.597356022521229	3.19E-08
AT1G05000	-0.554473409102201	3.36E-08
AT1G13260	-0.92338373531443	3.41E-08
AT1G27000	0.434090888647611	3.46E-08
AT3G02840	-1.47401239938655	3.56E-08
AT2G18150	-0.516895172480451	3.81E-08
AT4G00040	0.677415084306918	3.97E-08
AT5G62900	0.900832565469014	3.97E-08
AT3G27510	1.57597739802829	4.18E-08
AT2G39800	-0.791464422760651	4.29E-08
AT1G49570	-1.01343762286817	4.30E-08
AT1G77920	0.666879605513037	4.32E-08
AT5G19240	-0.841361700442983	4.37E-08
AT3G15356	-2.93487238187504	4.76E-08
AT1G07660	-0.835848584146451	5.20E-08
AT3G47030	5.50548434603537	5.80E-08
AT3G47770	1.56820484417734	6.01E-08
AT3G51110	0.873451454546116	6.25E-08
AT1G12940	1.5843095079586	7.67E-08
AT1G61550	-0.884206245752395	7.87E-08
AT3G44700	7.55984947305685	7.87E-08
AT1G09415	-1.48976513183049	7.88E-08
AT1G16030	-1.1669094864409	1.03E-07
AT1G44030	2.5127088816169	1.05E-07
AT3G48115	1.2144264310341	1.05E-07
AT5G01500	-0.58011084941832	1.16E-07
AT4G34710	-0.657624822512406	1.17E-07
AT5G64440	0.610198841328	1.19E-07
AT1G14040	-0.846145829597791	1.24E-07
AT5G16570	0.829205215260068	1.25E-07
AT1G15550	0.911769900486229	1.41E-07
AT5G47980	1.4845949461289	1.49E-07
AT5G57220	-0.779490975118717	1.54E-07
AT3G48670	0.541197631951016	1.67E-07
AT1G23935	7.27629518289553	1.75E-07
AT1G70260	0.88845295761674	1.81E-07
AT5G01340	-0.615774907275238	1.85E-07
AT3G44798	7.28564356752915	1.94E-07
AT4G04955	0.553425225050173	2.28E-07
AT1G04180	-0.963448779922904	2.29E-07
AT1G12340	-7.14468052065292	2.34E-07
AT1G80970	7.32622347216844	2.34E-07
AT1G25211	7.3421289122445	2.54E-07
AT3G55020	0.354353441421923	2.81E-07
AT3G29644	7.25094644553668	2.99E-07
AT3G47570	-0.752270057983866	3.06E-07
AT5G46950	-5.23135214440603	3.06E-07
AT5G49880	0.44344521445762	3.19E-07
AT1G23940	2.04356032569635	3.21E-07
AT5G43360	-7.11443279145075	3.25E-07
AT3G28030	0.607556182708591	3.28E-07
AT5G45280	-0.467301584408146	3.41E-07
AT1G80730	1.41080764185589	3.57E-07
AT3G62150	-0.822674205076792	3.75E-07
AT3G28580	-0.849438620456179	4.01E-07
AT5G58780	1.00391424967775	4.54E-07
AT5G43725	2.52656918101773	4.90E-07
AT1G17210	0.389493556565427	5.30E-07
AT1G59870	-0.462029560894984	5.32E-07
AT5G58590	0.531881455072049	5.90E-07
AT5G47910	-0.520495394607555	5.93E-07
AT2G35710	-0.965137147500898	5.96E-07
AT4G00390	3.11692319210404	5.96E-07
AT1G55450	-0.73290965580696	6.22E-07
AT1G11540	0.773626082363058	6.54E-07
AT4G14680	-0.91342512025623	6.54E-07
AT1G02280	-0.697536693691749	7.35E-07
AT5G43050	2.22674488550616	7.67E-07
AT1G09890	-2.23543518532296	7.85E-07
AT3G28130	2.37884018507244	7.96E-07
AT5G57565	2.08771590168132	9.17E-07
AT5G25120	1.5898415867209	9.63E-07
AT1G64170	1.04163593393132	9.66E-07
AT1G69920	-1.64450433751395	1.00E-06
AT1G22220	0.761763582770442	1.03E-06
AT1G78090	-1.32641016393657	1.11E-06
AT5G44930	1.46482645509866	1.14E-06
AT1G77160	2.09113956102406	1.17E-06
AT3G47348	1.83008835130629	1.17E-06
AT5G65500	-1.52362302569832	1.24E-06
AT1G61360	-0.698802916005489	1.26E-06
AT3G29110	1.58446390972816	1.26E-06
AT5G49640	0.964613553356425	1.29E-06
AT5G40780	0.358262122347574	1.30E-06
AT1G78780	0.903051473109365	1.33E-06
AT1G07790	-0.559172700714531	1.38E-06
AT2G01340	-0.84932692825107	1.50E-06
AT1G19960	-1.44610983233691	1.52E-06
AT1G64160	-1.37763838261377	1.57E-06
AT1G71870	1.28696728584742	1.59E-06
AT3G04220	-1.22658168067899	1.61E-06
AT3G47675	7.0054994424106	1.72E-06
AT1G01560	-1.60983376727221	1.73E-06
AT3G28140	1.48922337295886	1.82E-06
AT1G22410	-0.346127299307815	1.86E-06
AT5G52310	1.14025039568461	1.89E-06
AT3G45530	1.58715775195217	1.90E-06
AT1G17170	-0.713531709900299	1.90E-06
AT4G04480	-1.89882499978365	1.92E-06
AT3G46800	2.96504070308625	1.92E-06
AT5G42510	1.13075550069867	1.94E-06
AT5G64260	-0.607073749457088	1.95E-06
AT5G45380	0.608216169469355	2.07E-06
AT5G43530	-1.51815410859358	2.16E-06
AT5G48930	0.32367659632368	2.20E-06
AT3G08640	-0.392763765409668	2.21E-06
AT3G28050	0.617529367208738	2.21E-06
AT3G54950	0.413639707968864	2.29E-06
AT1G79280	-0.278335599536004	2.29E-06
AT5G56760	0.477349860092803	2.34E-06
AT2G35930	-0.498503483117764	2.40E-06
AT4G30210	-0.429111177354051	2.44E-06
AT5G49900	-0.741083213581551	2.54E-06
AT5G60440	4.32723963262048	2.54E-06
AT1G09480	1.64454572506805	2.58E-06
AT1G03220	-0.521253755447872	2.61E-06
AT1G01040	-0.458762852340958	2.72E-06
AT3G49601	0.357112084664646	2.77E-06
AT5G65380	0.410388092589675	2.82E-06
AT1G67150	-0.674995981425736	2.99E-06
AT5G54040	0.654621646212919	3.15E-06
AT1G26770	-1.16454228499266	3.30E-06
AT2G41880	-0.999458505207158	3.86E-06
AT3G44550	0.593611076088163	4.02E-06
AT3G26830	-0.718533967961473	4.03E-06
AT1G21310	-0.457838655436462	4.03E-06
AT3G51960	1.55326434208149	4.10E-06
AT2G40390	-1.07262840711549	4.11E-06
AT2G28550	0.418515897258543	4.12E-06
AT4G12490	3.10913601212398	4.20E-06
AT1G21920	0.533404308832524	4.24E-06
AT3G53420	0.462837487680029	4.35E-06
AT1G77810	-0.551981169093009	4.43E-06
AT1G25530	-0.539802594098234	4.51E-06
AT5G67450	0.849538332227818	4.63E-06
AT5G57740	0.533553842930103	4.64E-06
AT3G05770	-1.635222311252	4.68E-06
AT3G30260	-2.1072625550296	4.68E-06
AT1G72920	-1.39821627364357	4.87E-06
AT3G54820	-0.788843306764885	4.88E-06
AT1G30730	-0.830534678174794	4.94E-06
AT3G11840	-0.942865181446476	5.13E-06
AT5G02340	-6.76594629969411	5.23E-06
AT3G45970	1.01186383172005	5.36E-06
AT3G29000	-1.13660947523621	5.40E-06
AT5G65710	0.663688640718694	5.40E-06
AT1G23830	0.967996855482206	5.42E-06
AT2G20950	-0.463084735844591	5.63E-06
AT2G40140	-0.513621694865702	5.71E-06
AT5G53010	0.601168207291214	5.88E-06
AT1G11330	-0.543521494814403	5.90E-06
AT1G09440	-1.06569074810488	5.95E-06
AT5G59730	-0.921044910220601	5.97E-06
AT5G42610	2.56915165835472	6.19E-06
AT1G11270	1.30981744230567	6.27E-06
AT5G54500	-0.471554928837106	6.37E-06
AT1G76720	1.31678186022042	6.40E-06
AT3G52340	-0.709254267005142	6.40E-06
AT1G77210	-2.99668270559296	6.65E-06
AT2G01300	-1.52305740817757	6.87E-06
AT2G19160	-0.848398674442527	7.28E-06
AT5G46800	0.561262988128658	7.29E-06
AT1G05300	0.944716048065372	7.35E-06
AT1G24150	-0.625433928006268	7.35E-06
AT3G51090	1.09825469804327	7.38E-06
AT5G59770	0.612639974712949	7.43E-06
AT5G46430	0.398342968236957	7.45E-06
AT3G45750	-0.758103002158926	7.49E-06
AT2G24692	-6.75579751837185	7.87E-06
AT5G59140	0.601474935104954	8.09E-06
AT1G72520	-1.55220500452265	8.32E-06
AT2G45760	-1.85226862196583	8.50E-06
AT5G44569	6.38457987220379	8.53E-06
AT3G26290	0.77801827886332	8.55E-06
AT5G44980	6.81411063850021	8.82E-06
AT5G53460	-0.414923524350245	8.99E-06
AT1G24735	0.987662791002097	9.34E-06
AT1G15870	-1.12111537166431	9.38E-06
AT5G26290	0.49719071618066	9.58E-06
AT3G15990	-0.791964924198282	1.01E-05
AT3G46710	1.51529816454747	1.01E-05
AT4G16260	-0.727316776593527	1.01E-05
AT1G34060	1.19708305062159	1.02E-05
AT4G33720	-0.719400506141067	1.03E-05
AT5G65850	4.71663127676426	1.05E-05
AT3G45710	0.941054350455167	1.08E-05
AT1G65845	0.783205088110213	1.12E-05
AT1G21900	-0.446961905339448	1.14E-05
AT1G18590	-0.599547558745805	1.15E-05
AT1G02930	-0.752480186574926	1.15E-05
AT4G22030	-1.58561832256737	1.20E-05
AT1G16590	-1.29714526739499	1.21E-05
AT5G57010	-0.974802378613688	1.21E-05
AT5G08560	-0.334318418034606	1.22E-05
AT4G01840	0.852894838746628	1.22E-05
AT1G15880	0.618269699331571	1.32E-05
AT4G23030	-1.96743863331566	1.34E-05
AT5G63030	-0.604567745330189	1.35E-05
AT5G41740	2.33443291261348	1.38E-05
AT5G65320	1.73188579153164	1.39E-05
AT5G08250	-1.33526788275291	1.39E-05
AT4G39950	-0.507543998994702	1.40E-05
AT3G30775	0.422381508420555	1.47E-05
AT1G14540	-1.05828284371233	1.49E-05
AT5G52790	-1.31031165964525	1.50E-05
AT4G12500	2.64043594308715	1.56E-05
AT5G63450	2.31296128716826	1.60E-05
AT5G44380	-0.451268806778125	1.63E-05
AT4G06746	-1.58632502956296	1.64E-05
AT5G39110	-1.04952570577927	1.66E-05
AT3G53730	0.671273982442749	1.67E-05
AT1G30420	-0.752163934929888	1.67E-05
AT5G39580	-1.0242858832188	1.68E-05
AT1G70620	0.392243532767556	1.70E-05
AT5G65810	-0.500915878683699	1.70E-05
AT1G53440	-0.745779809776224	1.71E-05
AT5G43420	0.629728436298612	1.73E-05
AT1G01420	1.00012538819759	1.75E-05
AT1G09932	-0.950984643794238	1.75E-05
AT5G64660	-0.568001415756184	1.76E-05
AT1G28370	-0.850535635238372	1.79E-05
AT5G48010	1.79228655158448	1.79E-05
AT3G48890	-0.519025855710967	1.80E-05
AT1G13080	-1.09393417680754	1.85E-05
AT5G52710	-1.01523527309065	1.88E-05
AT1G10110	2.72883899545116	1.89E-05
AT1G12210	-1.22143064086947	1.96E-05
AT4G27280	-0.59662704545996	1.98E-05
AT1G10560	1.13224358960218	2.05E-05
AT1G23760	-1.31533904885224	2.08E-05
AT3G57450	-0.734418313449702	2.12E-05
AT5G46640	-0.943976038838692	2.18E-05
AT4G02130	0.652973114743536	2.27E-05
AT1G12600	-1.60271591429928	2.37E-05
AT3G44730	-0.702378371277818	2.37E-05
AT3G55410	-0.337338326038201	2.38E-05
AT5G63630	0.968570159612516	2.38E-05
AT5G62210	0.829037781637391	2.46E-05
AT5G46600	1.14882057104452	2.64E-05
AT5G45150	-1.54912905955202	2.82E-05
AT4G10540	-2.92216424119389	2.82E-05
AT4G35350	-0.757900777792641	2.90E-05
AT1G20990	-1.94076943766494	2.94E-05
AT5G63570	-0.394234551025121	2.94E-05
AT3G12920	-0.522627601295761	2.98E-05
AT1G74210	0.639148921751442	2.98E-05
AT5G02090	0.975493053682454	2.99E-05
AT3G59580	1.83931749988624	2.99E-05
AT1G33600	-1.91178679188011	3.02E-05
AT4G18197	-1.32119039658352	3.09E-05
AT1G58320	-1.56005370619201	3.11E-05
AT2G36490	0.660307732589199	3.13E-05
AT1G23800	0.773263375385138	3.15E-05
AT3G18440	-0.536468201167324	3.29E-05
AT3G27906	0.987553722571706	3.45E-05
AT3G44590	0.548892381588189	3.48E-05
AT1G02920	-0.695752370680736	3.48E-05
AT2G29220	-2.07397912291059	3.48E-05
AT3G14060	1.43793364192571	3.48E-05
AT1G22550	0.874081746003751	3.70E-05
AT5G42500	0.915763458006678	3.83E-05
AT5G64480	1.30983532407591	3.87E-05
AT5G25230	-2.01354576259605	3.90E-05
AT5G66690	0.349315138200715	3.90E-05
AT3G51330	-0.576919934258587	3.91E-05
AT5G02370	0.589246965802167	4.08E-05
AT2G29250	-2.41068583571387	4.12E-05
AT5G37490	-1.66361751617993	4.12E-05
AT1G74440	-1.08768261400468	4.22E-05
AT3G53260	-0.327697035840964	4.60E-05
AT1G76780	-0.866526003254456	4.64E-05
AT4G34380	-1.17958454433574	4.64E-05
AT5G54810	-0.467992099997665	4.67E-05
AT3G47800	0.718972114682867	5.06E-05
AT3G53100	-0.879232694546537	5.09E-05
AT1G80380	-0.754743204590353	5.34E-05
AT2G40610	1.31308298734406	5.42E-05
AT1G49750	-1.86840443445108	5.48E-05
AT3G47110	0.906585297604722	5.48E-05
AT5G65210	0.402119721663011	5.54E-05
AT5G52720	-1.24856520356273	5.58E-05
AT5G61260	0.753936565255684	5.86E-05
AT2G23600	-0.637211227608712	5.92E-05
AT4G14450	-1.53293213754505	5.92E-05
AT1G07135	-1.09239892743825	5.96E-05
AT2G30770	-1.66382750160634	6.02E-05
AT5G48790	1.66985268017079	6.04E-05
AT4G15975	-1.66662346769723	6.07E-05
AT4G15370	-1.15513619358508	6.09E-05
AT1G76490	0.306097396691628	6.10E-05
AT3G53680	1.87991805651327	6.10E-05
AT2G32660	1.27196880945783	6.43E-05
AT2G04400	-0.485997710523392	6.58E-05
AT1G18970	-0.637919778695189	6.67E-05
AT3G56400	-1.16192222770044	6.73E-05
AT3G55980	-0.625369908594247	7.22E-05
AT5G53820	-1.16054417861493	7.41E-05
AT1G15790	1.36991829248658	7.69E-05
AT2G30750	-0.611677176405252	7.69E-05
AT4G18250	-0.745564387961664	7.70E-05
AT1G23205	-0.693100246325617	7.73E-05
AT5G46960	-1.95225384415052	7.80E-05
AT5G66610	1.18860804671733	7.90E-05
AT1G74040	-0.519662072633302	7.91E-05
AT5G23510	-0.614864374318741	7.91E-05
AT1G26380	-0.647799505877656	7.97E-05
AT1G10540	-2.35534833013581	8.04E-05
AT1G22900	-2.01826869511842	8.05E-05
AT2G23270	-0.917551160978497	8.33E-05
AT5G43745	0.807403490202968	8.62E-05
AT5G15970	0.874942334348698	8.65E-05
AT1G05320	-0.560477876988788	8.77E-05
AT1G73010	-1.13343417275962	9.02E-05
AT5G66580	1.09360353966643	9.43E-05
AT5G03840	-1.62068959295437	9.47E-05
AT1G77130	0.436696786654812	9.52E-05
AT4G27070	-0.549484396292761	9.58E-05
AT3G27940	6.20151559198105	9.62E-05
AT5G56370	5.90388175120748	9.62E-05
AT5G07990	0.66586782186308	9.64E-05
AT2G40400	-0.537737442957992	9.88E-05
AT1G25988	-6.2219824096675	9.96E-05
AT1G66880	-0.580880420979467	9.99E-05
AT1G17890	0.417398472238718	0.000100570951072753
AT3G48840	2.54449232423009	0.000100570951072753
AT5G44585	-1.17756072371634	0.000100620337918058
AT1G27510	0.475244438391326	0.000100726162208436
AT1G11905	-0.503101444304417	0.000101998721927795
AT5G02270	0.415313672886424	0.000103924463094896
AT4G01390	-1.60459731769695	0.000103984253243859
AT1G10880	-5.87267967810794	0.00010708897058767
AT5G36150	1.82737882122531	0.000108828727180844
AT3G48740	-2.62195953130593	0.000112527372997971
AT5G59210	0.415023456926722	0.00011818271394922
AT5G18840	0.506162104082597	0.000118221543906568
AT5G20240	-2.47769857942455	0.000119947110231181
AT3G27610	0.623428873943769	0.000123351663567697
AT1G53430	-0.640075547309649	0.000129289914266831
AT5G47050	-0.534614477661096	0.000130061302198512
AT4G23810	-0.884306796322153	0.000131128637962108
AT1G36060	-0.482000903131809	0.000134236390414552
AT1G78850	-0.457651662440158	0.000136624491935991
AT2G38920	-1.54972813631329	0.000136846969178492
AT5G41690	1.22280726013094	0.000137040757978093
AT1G14900	0.462407031781064	0.000137809523583462
AT1G10000	6.09664823341662	0.000137851060562997
AT3G48300	-3.09028273931454	0.000145105168527897
AT5G58990	0.60390389216175	0.000148517448474225
AT3G44755	6.10433261612901	0.000149201125573721
AT1G76430	-1.65182098015901	0.000149322270763041
AT1G72020	0.411132804513327	0.000153089758015962
AT4G11850	-0.423905894743876	0.000153868137797657
AT5G47230	-0.565160058580846	0.000154241088378518
AT3G15450	-1.09273377193595	0.000155352118703776
AT2G39980	-0.894864256735414	0.000160746098186932
AT1G48500	0.736032641878815	0.000162670571574825
AT4G30530	-0.353647333129292	0.000162670571574825
AT1G75340	-0.583016850247659	0.000164542005802271
AT5G28610	-1.50268455724664	0.000165856976615101
AT1G20630	0.949085417079643	0.000166955790778069
AT1G74100	-0.359629769153304	0.000167793395520588
AT2G24600	-0.989610790348547	0.000167793395520588
AT1G56250	-2.6121518966322	0.000169100688789566
AT5G01750	-0.468660516334726	0.000169100688789566
AT3G26922	1.66597797659198	0.000174163927983972
AT3G46810	1.11395060661717	0.000174163927983972
AT5G44060	0.777166669988222	0.000176707042474658
AT5G65870	1.12415107255088	0.000177235222680741
AT4G14548	1.52184359673317	0.000184681914236104
AT3G27340	0.661581635638479	0.000184846696808029
AT5G66985	0.73744320072508	0.000184882875661489
AT2G24570	0.384168212692752	0.00018610748818446
AT1G19700	0.539389256261833	0.000187610326723957
AT5G51380	0.782187254418515	0.000187610326723957
AT4G11480	-1.43425098234375	0.0001877721010113
AT4G29810	-0.336845673708991	0.0001877721010113
AT1G10120	0.364782249917299	0.000190163384203626
AT4G11190	1.30687152904182	0.000190773246184373
AT5G47110	0.931015978262076	0.000191490111305462
AT3G44790	-4.30570047673349	0.000194202051636188
AT1G71015	0.855954575039468	0.000196004889894492
AT2G38860	-0.500535919369755	0.000196004889894492
AT3G14460	-0.788086151850106	0.000196004889894492
AT3G25190	-0.871064883436529	0.000196004889894492
AT5G43130	0.336266250947441	0.000196004889894492
AT2G40180	-0.827783428974036	0.000197742377320785
AT3G46080	-1.89291366959848	0.000198417648002402
AT1G76990	0.367247246783658	0.000200281771889349
AT1G44160	0.67536100685881	0.000202304964144327
AT5G17990	-0.605938079399369	0.000203475494001948
AT5G03380	-0.413894215905867	0.000204147693210015
AT3G50830	-0.440145574399225	0.000204772460847474
AT3G44540	0.499354669353581	0.00020850327549009
AT5G39670	-0.549264176053237	0.000213645273998952
AT4G28040	-2.5364264323362	0.00021369583890612
AT3G54290	0.482255625699365	0.000214056135653079
AT4G35190	-1.14732051235664	0.000216923879929988
AT4G01520	-5.00479533348854	0.000219379707459779
AT3G28740	-1.67427049861056	0.000226106033732029
AT1G48850	-0.249618018127033	0.000227505947759963
AT3G23470	0.446039658694041	0.000228961977413
AT1G78990	0.876296602642084	0.000230354051282355
AT1G09350	1.68698673969394	0.000232828108433228
AT5G48520	0.489586357860686	0.000234190177517531
AT5G27760	-0.5132102934247	0.00023557442836834
AT1G05900	-0.704320301460247	0.000236704859891459
AT3G49820	-1.9248343825055	0.000238685844405121
AT2G20900	-0.5168220599705	0.000240293463978356
AT5G43810	-0.405807151050354	0.000241896694728449
AT2G02680	0.547544047387141	0.000243349938972393
AT3G60120	-2.29071827325833	0.000243349938972393
AT4G02660	-0.448700256619425	0.000244765687116477
AT4G37390	-1.32210638521929	0.000246353218346185
AT2G36090	0.574860464494798	0.000246848395286557
AT5G61050	-2.21945313640498	0.000246848395286557
AT1G23201	5.71700034374308	0.000248630261849353
AT5G60760	0.492323587497466	0.000253099663160922
AT5G01100	0.95767890326766	0.000253159719619945
AT1G09410	1.8934704017603	0.000253338391720352
AT5G66960	-0.848484868960742	0.000257029981736882
AT2G25450	-0.379606316971053	0.00026018380506519
AT3G44560	-5.96036524616199	0.000262883966961177
AT5G66650	-1.69856923312451	0.000263683277785128
AT5G19230	-0.598964679724981	0.000264776169059629
AT4G25760	-0.910376371868248	0.000265206177416761
AT1G73330	0.687474085710248	0.000266520510630949
AT4G08160	-0.872477073453355	0.000266520510630949
AT5G66210	-0.390832706301915	0.000269343873969026
AT1G09815	0.511179632999155	0.000275205359426793
AT3G15240	0.38350631842829	0.000275205359426793
AT1G66800	1.52683592189919	0.000280054387791592
AT5G26030	-0.321981327087641	0.000283331685013494
AT5G49520	0.696073738191182	0.000286842491202381
AT1G05710	0.626491021722159	0.000287602761215152
AT5G48610	0.501233779155758	0.000290011026197602
AT3G27390	0.361827308390671	0.000290796505893273
AT5G63980	-0.439809094225141	0.00029238729057654
AT1G75040	-4.89418242017168	0.000293824816010313
AT1G01360	0.54936828976152	0.000295615076069197
AT1G19800	-0.470589382911799	0.000302088867089571
AT4G25900	-0.33642687813083	0.000302088867089571
AT1G30370	-0.780989318186902	0.000310691179204987
AT1G72890	-0.876549096623927	0.000310691179204987
AT1G62370	0.669774194359406	0.000312714681422269
AT1G80820	-0.780619384934742	0.000313251153695044
AT2G46620	-0.316796362233896	0.000313251153695044
AT5G63590	-0.507914170002882	0.000317956935360471
AT3G06500	-0.548794833552032	0.000320723365744042
AT3G32040	0.755040353764421	0.000320723365744042
AT5G22530	-1.75048253405664	0.000324168715608631
AT5G11670	-0.337934055314341	0.000325066182565914
AT1G74070	-1.37184307066862	0.000326708203053884
AT3G49380	-1.31262714611475	0.000329998117135708
AT4G35180	-2.16566166975773	0.000332002677739231
AT2G25000	0.624837422070269	0.000332180705311844
AT5G04120	1.52077915420237	0.000332311892173921
AT1G72430	0.506852135130041	0.000336672890000521
AT1G69040	0.363483435695586	0.00034260610830643
AT5G44574	4.24656129182645	0.000346656586014946
AT2G06925	0.932537410675562	0.000351463190964694
AT5G42460	-1.0534134804024	0.000351463190964694
AT2G24180	-0.521908143617517	0.000354175839242442
AT5G05730	-0.495633768319191	0.000359108373183805
AT1G07150	-1.23958352358207	0.000360173350777401
AT5G45340	0.614317142220654	0.000360173350777401
AT5G64810	-0.763182069895633	0.000360173350777401
AT3G49160	1.42960220923603	0.000366480286575759
AT5G63600	0.364559564949073	0.000370966813895602
AT5G37600	0.326106035221216	0.000375954383607315
AT5G19880	-0.854267004885437	0.000378369260904752
AT1G20090	0.378555277013654	0.000382477182065964
AT2G23680	-0.896313700592368	0.000382477182065964
AT5G43440	2.44239103453273	0.000388843672414721
AT3G41979	5.48567246793336	0.000389690628183214
AT2G21900	-0.975400249461211	0.000391414424187523
AT3G21230	0.349359421591875	0.000402775997872061
AT3G28345	-1.07708205906384	0.000409240707933461
AT1G50740	-0.599791915536879	0.00041172078433367
AT3G50770	-1.12622245658627	0.000415480587578978
AT2G18210	-0.897053462583729	0.000416228182740638
AT1G10920	-0.967619133575557	0.000418494460183175
AT1G19540	2.03512027904172	0.000418827388226715
AT1G16300	-0.361021453618779	0.000420210352599925
AT5G34871	4.8255522099176	0.000422399561013017
AT5G48110	0.626141255893678	0.000426935325871498
AT3G47390	0.518051919081162	0.000427736186449563
AT5G57840	0.550040313050356	0.00042908156908879
AT3G49910	0.331479251964079	0.000434859948794649
AT1G08930	-0.377158402145184	0.000452007875545769
AT3G53830	0.744822995403047	0.000458823118841497
AT1G71920	-5.70521517068882	0.000459923047985538
AT2G28210	-1.35829012723772	0.000461749664451998
AT1G11310	-0.346459004544373	0.000462995299219629
AT3G28210	1.10622661607674	0.000464118026119813
AT5G41910	0.913394516682957	0.000464118026119813
AT2G32240	-0.34198210358328	0.000468745325134759
AT5G60640	0.245064627827752	0.000469013973575402
AT2G31920	1.58298722005307	0.000474950300082037
AT1G09940	-0.551987350511448	0.000502100285917859
AT1G25220	-0.582987347845772	0.000513645728348191
AT4G37870	-0.340808363548249	0.000516835687167442
AT1G23360	1.21296539775693	0.000519056509855574
AT3G47250	5.65434086198545	0.000520875963909076
AT3G47210	0.44290394157018	0.000522564865196001
AT5G56980	0.493900937336086	0.000530388275001202
AT1G66930	0.857354560286144	0.00053214996202158
AT4G35630	-0.234712881788595	0.000543309568859623
AT1G22210	6.11200380607141	0.000552808491396516
AT1G74055	-1.18009009742718	0.000553074693615982
AT5G66320	-0.586464835571418	0.000553462529024342
AT3G54990	0.647242202851545	0.000556562091962965
AT1G68670	-0.587056103327217	0.000558676542134036
AT3G10520	0.5572789228092	0.000558676542134036
AT3G47980	0.533715974741963	0.000564772171287853
AT4G35070	-1.03924406701662	0.000564772171287853
AT2G01520	-0.769152724368196	0.000579324259354625
AT3G61390	-1.50880440396175	0.00058670536560948
AT4G39980	-0.258158421445492	0.00058670536560948
AT1G17290	-0.238914435856612	0.000591504200932591
AT5G25260	-1.26478784503885	0.000592596495547123
AT5G63160	-1.25592673258665	0.000593996733038958
AT2G02630	0.731003823217812	0.000599126501596633
AT4G20780	-0.545959281259943	0.000608011220100205
AT4G23250	-1.49380639599616	0.00061193016060042
AT5G20960	-0.170820473891959	0.00061464188908082
AT1G63295	-1.03057378501978	0.000615605441873182
AT5G24110	-2.48597596402612	0.000615605441873182
AT5G56840	0.811688112795587	0.000615605441873182
AT2G32020	-0.548448759461124	0.000618226607452429
AT4G10530	-2.08012019421257	0.000622441038609017
AT5G44306	-4.05734711167387	0.000627938525040401
AT3G06490	-1.95600686260499	0.000629408456175586
AT4G12270	0.829536200898097	0.000635439331253573
AT3G54400	0.62980426325976	0.000644444910260705
AT2G09970	-5.36571058134766	0.000651847625197632
AT1G12160	0.565170467911581	0.00065856290390187
AT3G25420	-1.89811125245326	0.00066238637242647
AT1G13670	-0.396682177670692	0.000662837888351746
AT1G74080	-0.769321725977376	0.000664420153799246
AT5G56050	-1.02329524060358	0.000672838163079341
AT5G51640	0.539934268930527	0.000679047974007761
AT1G21730	0.361844645106691	0.000685334150653037
AT1G23120	0.856089522282037	0.000685334150653037
AT3G45140	-5.38838194170687	0.000687971177508307
AT1G12880	0.877833858519828	0.000689126301157334
AT1G23730	-2.02355682349162	0.000689126301157334
AT4G37180	-0.961245778080676	0.000695288914837181
AT1G21000	0.518667244707319	0.000696921679680414
AT1G75170	-0.389753970209949	0.000696921679680414
AT4G01550	0.559030800353579	0.000696921679680414
AT1G15885	5.67929384042141	0.000714599502774824
AT1G24100	-0.338945803663653	0.000714599502774824
AT3G47380	-1.00607693440346	0.000715236995819598
AT2G36120	-0.634804430725822	0.000717771895171071
AT5G63580	1.75721771743018	0.000718262801392377
AT3G54150	-0.937787350386768	0.000721260260198373
AT5G61340	0.38454398010922	0.000726408117323928
AT1G55810	-0.551622303718489	0.000730342468881923
AT5G36980	-5.75776801151869	0.00073297319839851
AT2G44798	3.66803359808131	0.000733522537568182
AT5G25250	-0.8832731198673	0.000735043982665492
AT1G05840	-0.405168368817047	0.000736954032766768
AT1G29920	-8.96131518838059	0.000736954032766768
AT5G22250	-0.781809900844014	0.000736954032766768
AT5G38100	1.32506225421064	0.00074101445425676
AT1G23440	0.415238246657952	0.000785560996168799
AT3G60470	-2.22761144531618	0.000797082785581609
AT2G40750	-0.627209928257873	0.000811592417723103
AT1G20050	0.320663286491511	0.000816367635534792
AT5G61430	0.894650906643772	0.000828710541967274
AT1G08880	-0.334116424063703	0.000851758759051162
AT2G17820	-0.617686804615034	0.000860394070796146
AT5G64870	3.0899379998549	0.000860394070796146
AT2G02610	0.871764049462892	0.00086513060499342
AT5G52810	-0.559603467722137	0.00086513060499342
AT5G39120	-0.676617103611363	0.000867816562793025
AT2G39030	-3.02308698583636	0.000873393916704373
AT5G06740	-0.498808762292372	0.000873393916704373
AT4G19880	-0.343874539371273	0.000878439234433259
AT3G18560	-0.52668914921848	0.000882110165131385
AT3G57260	-5.79335333652104	0.000896919934874363
AT3G57330	-0.42506168070632	0.000907243819495403
AT1G12330	0.712404575395593	0.000912235070026026
AT3G30350	0.825668080743511	0.000914238022889925
AT1G76930	-0.448703043146496	0.000933266795927279
AT3G46260	-1.45821723268686	0.000938262011343958
AT2G33580	-0.585202222231815	0.000946272617362034
AT1G10370	-0.605292748761692	0.000967909059691328
AT1G08900	-1.27511798476032	0.000972914488054478
AT1G68390	-0.748214222752946	0.00098388051057173
AT5G22910	-2.63596550182473	0.000984465775872767
AT3G26590	0.395507066757693	0.00100442771960915
AT2G16500	-0.289269566835296	0.00100604220338403
AT5G61580	0.420552103829466	0.00102282962235115
AT4G28085	-0.936643805956794	0.00104028731387046
AT5G55770	-1.22735869265247	0.00105364346955319
AT3G32940	0.444279313332505	0.00105523573690065
AT3G53160	-1.19466790617473	0.00106754309386363
AT5G62710	-0.442308834415798	0.00106768703145706
AT3G23230	-3.77562634469202	0.00106943902602435
AT4G17870	0.393373977667088	0.00108039885960115
AT2G32030	-1.02475168050298	0.00108738572443126
AT4G31970	-0.552726338224427	0.00108738572443126
AT1G08320	0.36153006373802	0.00109983690617502
AT5G57655	-0.34358930232172	0.00110203532802391
AT5G35735	-0.566693026690328	0.0011163945833358
AT3G54530	5.35663513470042	0.00111664493465266
AT5G56750	0.423291290033517	0.0011429482959003
AT5G47370	0.439587151867232	0.001151416542415
AT1G35720	-0.3675282983636	0.00115385858153566
AT1G20850	-0.72614669238403	0.00116383055368959
AT2G40740	-1.12403316134748	0.00118897795117337
AT5G02780	-0.602520094735384	0.00118942212495351
AT3G23250	-0.670723121387071	0.00119269610262337
AT3G14225	-0.883115767709935	0.0011931587215796
AT1G08050	-0.532248272083386	0.00121901819160411
AT1G22740	0.885633626704879	0.00124505385552215
AT1G10020	0.437000429627966	0.00124693686598554
AT1G24140	-0.968727001969218	0.00124747826717398
AT5G44710	0.630846653729402	0.00125244412270965
AT1G74770	0.621266143387018	0.00126642443011138
AT5G25110	0.665132136407437	0.00127497099532158
AT4G13130	0.627511169010166	0.00128061423098199
AT3G27890	0.334838675644046	0.00128388041450887
AT5G54710	-1.69309895299921	0.00131865279100035
AT5G62140	1.50707321036647	0.00132260132064322
AT2G23260	-1.41257681669578	0.00132565023252949
AT3G54790	0.432853441446015	0.00132815420561061
AT4G12050	0.440621672255995	0.00132815420561061
AT1G21120	0.564737953624952	0.00133526139311375
AT1G56130	-0.969000413141455	0.00133526139311375
AT5G66120	-0.230240383460152	0.00133526139311375
AT5G13080	-0.893058540607083	0.00133674623791425
AT4G39230	-0.496946773198378	0.00133803488445292
AT2G03505	-0.653824675610008	0.00133882610624914
AT2G39420	0.39280662804028	0.00134483301130648
AT5G06730	-0.596549720382096	0.00134483301130648
AT1G09970	-0.229191061366078	0.00135383067579068
AT1G14550	-1.75700386128541	0.00135383067579068
AT2G38400	0.423164773641059	0.00135383067579068
AT5G48670	1.29370796779018	0.00135383067579068
AT1G16530	1.15377491258769	0.00136573942736024
AT2G42610	-0.866935662957566	0.00137959640571924
AT3G50840	0.983664238148581	0.00139095433951807
AT5G43380	-0.832753174234182	0.00140341512487612
AT5G45140	0.349420859168645	0.00141073723999143
AT2G32430	0.447260187362408	0.00141749767974954
AT2G24200	-0.256604982675696	0.00143838013142108
AT5G22630	-0.288164288869177	0.00143903261552308
AT2G30500	0.376550052772843	0.00144660596947612
AT3G47200	0.424239561136819	0.00144660596947612
AT1G73690	1.17639938556986	0.0014847398514035
AT1G09680	1.28115097991994	0.00149032256686052
AT5G56960	-1.2353826514426	0.00150194361838871
AT4G12290	0.627895628437329	0.00150638651212637
AT5G67340	-0.489985691843421	0.00153219266859175
AT3G61440	-0.23056281690934	0.00153646658044233
AT5G01660	-1.03824835745087	0.00153646658044233
AT1G67195	0.612793407996774	0.00154017923109282
AT1G20450	0.409042915866804	0.00154095312964556
AT5G61330	-0.401803524855432	0.0015474482108232
AT4G18195	-1.38378959499364	0.00155280043431593
AT3G51150	0.852780236356782	0.00155773006503806
AT5G51730	0.81563891441948	0.00157553120850878
AT5G01640	-0.812264841792679	0.00160519502147712
AT5G43060	0.288191533072018	0.00162863189693964
AT1G13220	-0.323213618757365	0.00163392596247336
AT4G26120	-0.505397548116303	0.00163586998027367
AT5G15860	0.339773913097644	0.00163586998027367
AT2G34790	-0.777099139580205	0.00163594467303394
AT1G79190	-0.431145155656976	0.0016475383131991
AT4G24480	-0.304512974014838	0.00165073499977295
AT3G29760	0.491853513333935	0.00165613800290146
AT5G60890	0.550223926524718	0.0016710103382806
AT4G02100	0.400139197054026	0.00168525625404718
AT1G12805	3.01113836410822	0.00169363690658796
AT3G52840	-1.82631246287937	0.0016997367053185
AT5G44900	1.25218545360403	0.00171114514701215
AT1G35210	-1.0115821323055	0.00172348103813181
AT1G55850	-0.51566765474451	0.00176018377292
AT5G66930	0.501349667881289	0.00178116819623652
AT3G26210	0.567230652308238	0.00179462053286971
AT1G09560	0.422825150102414	0.00179464337807735
AT2G26190	-0.412248356091156	0.00180803137002721
AT3G54000	0.680221623745266	0.00181952412804637
AT5G60270	-0.678396234181867	0.00181952412804637
AT2G32140	-0.878079700193143	0.00182528657960266
AT4G27970	-0.940622418493576	0.00188830382612212
AT3G59100	-0.522841878694411	0.00190222276048563
AT3G25250	-0.680233376170853	0.0019058501351961
AT3G54070	5.24443247625984	0.00191240834424343
AT3G17690	-0.961811632848163	0.0019138496478746
AT5G43760	-0.327731758000926	0.0019254042660652
AT2G22590	-0.655523096327869	0.00192556621048416
AT1G03340	0.763784727999209	0.00192586890996886
AT1G73110	-1.29958356693857	0.00193837090113651
AT5G03260	-1.01235330486834	0.00194579155954843
AT1G18190	0.361264433408854	0.00195227965633958
AT2G39380	0.422100730559374	0.00195386693307668
AT3G12500	-0.502839708182143	0.00196793173048161
AT3G18710	-0.625910491193696	0.00197815908939995
AT1G04555	0.740832095052871	0.00199371552145367
AT2G13900	-1.75938433939376	0.00201397145886523
AT1G80960	-0.808196717777265	0.00204444918852664
AT3G20370	0.384232786427539	0.00205382690230481
AT3G05165	0.483200600383331	0.00209089105187877
AT1G73860	-0.754789670908791	0.00209608213822611
AT3G20360	-0.822916965847302	0.00209608213822611
AT5G57510	-1.53109284954261	0.00209608213822611
AT3G15510	0.774368108194719	0.00210641114899309
AT3G54680	0.410238033971476	0.0021201327265535
AT4G28460	-0.765487804170389	0.0021201327265535
AT5G57270	0.417433745243272	0.00214378179011339
AT5G42720	-0.696664692030796	0.00215006064914283
AT5G01620	0.432556168573973	0.00215316782102983
AT2G41660	0.389394373324086	0.00215962722784197
AT2G30860	-0.352601668140289	0.00216559093977529
AT3G20410	-0.330217217949892	0.00217225155554873
AT4G16190	0.319856426238265	0.00217551140297244
AT1G24530	0.810633921917053	0.00219672769070107
AT2G27535	-2.48389720765002	0.00219921670783028
AT3G49110	-2.4356574228492	0.00219921670783028
AT5G51450	0.458595625829914	0.00219921670783028
AT1G19180	-0.400742791267436	0.00221486779503198
AT2G41300	-0.883547400347696	0.00221867752928419
AT4G21390	-0.693876954277692	0.00221867752928419
AT1G01830	0.442841049864347	0.00222256469935947
AT1G78815	-0.826625513729556	0.00223279705998684
AT2G01900	0.724830913462859	0.0022351620046544
AT4G28150	-0.808103354213532	0.00226502780739637
AT1G69480	0.883818822337314	0.00226995545407678
AT4G11070	-0.946534645355726	0.00231301882271705
AT1G10210	0.630671844261462	0.00232242838484872
AT2G48090	-0.902581000715483	0.00232242838484872
AT4G17500	-0.818077898440372	0.00232242838484872
AT4G27520	-0.774433243113557	0.00232242838484872
AT4G39780	0.683861471099827	0.00232242838484872
AT2G42620	-0.535694830750891	0.0023264431618731
AT3G44620	0.562751360461341	0.00232741743175184
AT1G67980	-1.252084845049	0.00232941745982217
AT2G37430	-0.977695606640447	0.002344648233564
AT4G09500	1.08168148974846	0.00236780168446958
AT2G03340	0.387635096465638	0.00239936466797694
AT2G24960	-0.477449354979981	0.00240990250931263
AT1G67110	-0.717878814698344	0.00241074142320267
AT3G61850	-0.501350481394781	0.0024162301928637
AT5G37980	0.695431183955689	0.0024233012546199
AT3G48170	-0.233375269143208	0.00243386801367979
AT4G31000	-0.468110903927657	0.00243386801367979
AT5G53990	-0.484204197070656	0.00243386801367979
AT4G04223	1.89851149031917	0.00243660216692797
AT2G44578	-1.31630600769807	0.00244674539871582
AT3G10740	-0.652316975587066	0.00244842320324351
AT1G73380	0.57030567786042	0.00246311441362134
AT5G20280	0.3893465211988	0.00251631422821471
AT5G24540	-4.15292163937063	0.00252851052848829
AT1G13710	-2.52933743749875	0.00254161229863525
AT5G22520	-1.92808761591364	0.00254161229863525
AT5G06270	0.573020091560074	0.00254854158571401
AT2G03260	-0.897320046614076	0.00257560502474241
AT3G51250	0.362673924399424	0.00258823235725232
AT1G76040	-0.546832550636551	0.0026161162157065
AT3G49390	-0.292662260857734	0.00262852689409919
AT3G02800	-0.857035617334444	0.00264117936565713
AT2G32390	0.445996277174807	0.00264232298428399
AT1G14590	-0.724102066052669	0.00264679813692311
AT4G01660	0.317553095344	0.00265573990409637
AT3G13620	0.465163985436629	0.00266329036656286
AT5G65600	-0.769716536841535	0.00266801895181934
AT5G55590	0.669870578451522	0.00267292783915144
AT1G69600	0.940262520447071	0.00270148107714049
AT3G55950	-0.487117725841858	0.00270173082042447
AT5G18590	0.414429491334388	0.00273937150796685
AT4G01010	-0.686252722108526	0.00278175359143647
AT1G02335	-0.837820388186366	0.00282359751157261
AT3G14840	-0.337479502047246	0.00284241431021978
AT5G41860	1.59220180930482	0.00284241431021978
AT2G44790	-0.393426008615599	0.00286305678714939
AT3G11330	0.283340164019362	0.00288094260663607
AT5G14310	-0.386596490117521	0.00288369388334109
AT1G17970	0.57123957364027	0.00290222255265667
AT5G63595	-0.72047540204598	0.00290444883672147
AT5G21280	0.529377092587031	0.00295478072516124
AT4G18205	-0.868319471382675	0.00302349024718831
AT5G57320	1.52598509140256	0.00302670677280813
AT4G33050	-0.616652306497866	0.00303536673640869
AT4G31500	-0.280361660915315	0.00303988190926139
AT1G20590	-5.46224386225213	0.0030516082089763
AT5G39130	-1.32136722456084	0.00306047364757754
AT2G41700	-0.263005476058857	0.003153648142241
AT4G04745	0.591458529183726	0.003153648142241
AT1G35230	-1.22549463161692	0.00317994956498107
AT5G52547	2.78886867519849	0.00317994956498107
AT5G11140	-1.08337844491129	0.00319595303893535
AT1G17710	-1.87560919333882	0.00322231983717516
AT3G48380	0.378710439796963	0.00322623176264766
AT2G28840	0.255492325600164	0.00322857084769874
AT2G15480	-0.535464949904183	0.00325169707469924
AT3G49590	0.467958841906956	0.0032684465813232
AT4G16820	-2.01034232931452	0.00326866303784828
AT1G24340	-0.447732446749302	0.00331987536836411
AT5G02080	-0.968746350418158	0.00332561983544202
AT3G57950	0.920439666762314	0.00334643654701207
AT1G62380	-0.305863589567003	0.00336913689728394
AT1G23380	0.617192950319895	0.00341203327620963
AT5G67080	-1.30083065148269	0.00342306999495082
AT5G50130	1.71141191789606	0.00345801765698355
AT5G24410	0.569103317479189	0.00346855300899868
AT3G25900	-0.334090985440449	0.0034699585145065
AT3G50760	0.611210070731291	0.00347296741572999
AT3G07380	4.945374633968	0.0034869707651021
AT1G10700	-0.428640313188788	0.0034912449260128
AT3G23000	0.317263359112966	0.00357241802682786
AT1G67550	0.282756555852193	0.00357273351408164
AT4G09420	0.638495181378905	0.00357788649958619
AT5G02580	0.859734322512627	0.00360155406547865
AT2G15970	0.292648611587826	0.00360566095624516
AT2G38300	0.484119717105942	0.00360566095624516
AT3G26450	0.585890570560303	0.00362680654963371
AT3G55040	0.88663422618744	0.0036404452735868
AT3G44800	-2.15120591793218	0.00364803766012041
AT2G26530	-0.578428929889117	0.00368924274306872
AT2G38470	-0.522837224996771	0.00372070450980614
AT3G50640	0.451868193670202	0.00373342079703991
AT4G22610	1.13789046395425	0.00373342079703991
AT1G61560	-0.510053722354651	0.00374545167995265
AT5G62520	1.09264723190213	0.00374545167995265
AT2G43535	0.67250878935388	0.00375415997264106
AT5G39190	-1.26781533168289	0.00377042921349038
AT1G51020	-1.95997826647505	0.00379561262375439
AT1G21480	-0.48947938232595	0.0038291343929752
AT5G56020	0.711903917037974	0.0038291343929752
AT2G33110	-0.786343859795925	0.00385767372947902
AT3G44370	0.47655306486911	0.00390692116423823
AT2G43000	-0.619893476487196	0.00393726451304318
AT3G57520	0.384886609038236	0.00393726451304318
AT2G15760	-0.671639812562197	0.00393969531172412
AT1G30750	0.614177666774462	0.00399637209731155
AT1G16410	-3.05576482718106	0.00400785423284002
AT1G61500	-0.572640654942181	0.00400785423284002
AT1G10865	0.551231959189063	0.00402049874126815
AT5G01410	-0.289977527325433	0.00402917415502512
AT2G21010	-2.46829195915382	0.00403656544082825
AT5G42380	-1.03743385740383	0.00406309932371772
AT5G04470	0.451959025274644	0.00418582272663036
AT1G32920	-0.730410656982096	0.00419750260142513
AT5G58800	0.42681659927843	0.00425322695379517
AT5G48230	-0.316222680877807	0.00426253890370011
AT2G45430	0.3123084741776	0.00427930179149127
AT5G03330	-0.400060522043804	0.004334433317039
AT5G42980	0.230491053498948	0.00433736090828011
AT4G08780	-0.766196446324565	0.00438395244274088
AT3G28917	4.26001531352459	0.00438982117008826
AT3G13090	-0.604528247253086	0.00446532919503196
AT1G34050	-0.986596644906486	0.00447635880299672
AT3G54910	0.878128318296351	0.00447635880299672
AT5G46730	-0.66313733074495	0.00447635880299672
AT3G27690	-5.60966863348916	0.00448552672848315
AT4G01593	4.30062926944137	0.00448552672848315
AT5G46490	2.30842756427768	0.00448552672848315
AT5G11570	0.95489441622391	0.00449858424658639
AT1G53620	-1.10098702609313	0.00451731523730211
AT1G76980	0.42936643273125	0.00453333833382948
AT2G37440	0.51947697941794	0.00453333833382948
AT1G11710	0.840696766072117	0.0045738195117522
AT5G43210	-1.40058870877512	0.00458756143845547
AT1G13780	0.827017745766	0.00460895383527174
AT3G20040	-0.827866349634262	0.00463225350938274
AT1G44970	0.685927993905106	0.00463908927453345
AT5G48850	1.53933073847477	0.0046753794782264
AT5G10230	0.796735545275616	0.00476206627606167
AT1G09930	-1.48086926929815	0.00477848302375277
AT1G07950	0.489224379002331	0.0047996431704762
AT3G23090	0.297348342559032	0.00481647251803032
AT4G30910	-0.358840331827722	0.00481647251803032
AT5G46340	-0.379790405961899	0.00485750598658962
AT4G26130	0.445940550658259	0.00485833745394811
AT2G46370	0.33203338225068	0.00490802464194999
AT3G47290	-1.34321687555889	0.00490802464194999
AT3G27820	0.278929158330348	0.00492245926110807
AT2G16586	0.640905521964322	0.00492446450022052
AT2G28470	0.505127373228244	0.00497062364799543
AT4G01750	0.353786521572615	0.00497062364799543
AT5G65670	-0.210814143303294	0.00500392038530927
AT2G38940	0.656845269671544	0.00505947978180058
AT3G27150	0.399826390784345	0.00505947978180058
AT5G50120	-0.66379641909726	0.00511068509848176
AT5G14690	0.542290797967045	0.00512001641318067
AT5G02440	1.10552037740836	0.00513280533803046
AT2G43570	-0.537013919778194	0.00513613397982117
AT5G06090	-0.812058614301201	0.00513613397982117
AT5G45160	-0.316078767978888	0.00513642834342311
AT1G23530	-0.922509562911597	0.00515459856028032
AT5G40170	-0.417129389096053	0.00522006887829354
AT1G69880	-0.739674785209209	0.00525925043417683
AT1G80830	0.321853207372994	0.00539434714607673
AT2G36770	-1.68097472108639	0.00540156190528792
AT5G66380	0.64428584997779	0.00540156190528792
AT5G62630	-0.503769752352232	0.00548326933504856
AT5G57780	1.3237503230047	0.00548631440617061
AT3G58620	0.576842048458832	0.00550738052501701
AT2G02100	-0.418061521672364	0.00553989747283524
AT5G65650	-0.418722641349255	0.005543542786855
AT5G51920	-0.849953606609052	0.00570052973216276
AT2G04680	0.579264417085478	0.00570300455945559
AT4G01760	-1.58708957560061	0.00576516658357027
AT2G35410	-0.751337245528379	0.00577803508686998
AT2G32210	-0.66904756929486	0.00579551160543448
AT4G08770	-0.354857882541277	0.00579551160543448
AT5G05240	-0.616128070172859	0.00579551160543448
AT1G12410	0.348765939890757	0.0058072941072726
AT3G48830	0.69482197013408	0.00581221544607657
AT5G49710	0.510006706919772	0.00586365336742616
AT2G28760	-0.275768262230149	0.00591134667399352
AT2G40940	-0.267936608147781	0.00591134667399352
AT5G02410	0.534313778466589	0.00591134667399352
AT5G45840	-0.94308424414056	0.00593929418457372
AT4G10860	-2.48963560398614	0.00594440384307439
AT5G44390	1.07217751376223	0.00596004446671447
AT5G48660	0.698097121303324	0.00597268280991528
AT3G51350	-0.689196798144157	0.00602332354206887
AT5G43140	0.742713196671156	0.00603310929421663
AT2G02930	-0.867182562886522	0.00607550830602
AT3G12915	-0.758387671602795	0.00613895508341432
AT5G52750	-0.964656037312654	0.00614773705575792
AT5G63620	0.351374446490967	0.00627550827054279
AT1G30760	-0.536239462333437	0.00629389503589259
AT1G27770	-0.364037985155587	0.00632589030187232
AT2G03590	0.672979934504702	0.00632589030187232
AT4G04570	-0.612432294473289	0.00632589030187232
AT3G28100	0.950430453662392	0.00633988902318787
AT5G49850	0.395273958792396	0.00636691956525539
AT2G23400	-1.45926926911561	0.00638525771709835
AT5G28640	0.396104466462312	0.00640087756678279
AT1G77730	1.52448678533335	0.00644109301628634
AT4G25560	0.751217118875927	0.00644109301628634
AT2G23420	-0.344632020523871	0.00670235467449649
AT3G28040	0.719483971015414	0.00670235467449649
AT5G39590	-0.282764099601243	0.00671086026915077
AT4G37050	1.69218042125493	0.00672132823688461
AT1G06137	-1.50377676368747	0.0067443114358832
AT4G34138	-0.451115976882038	0.00677113505308855
AT5G48100	-0.950401523109744	0.00680017860359444
AT4G21910	0.405492600245522	0.00693929389088836
AT1G12400	0.905497769083954	0.00695791566441735
AT1G23900	0.237793232610315	0.00703769412620812
AT3G01760	-0.941398066289851	0.00707319467742048
AT1G16370	1.17375515730993	0.0071081584686966
AT1G23980	0.609365389302088	0.0071081584686966
AT1G13390	0.385903219301094	0.00717212709133612
AT1G50750	-1.08263167121931	0.00721195171089231
AT5G46260	0.749070461390339	0.00723217911471433
AT3G16560	-0.478321463571049	0.0072451662849358
AT4G36500	-0.535304850669445	0.00725552526498147
AT4G15563	0.575478235794046	0.00726172745451297
AT5G26000	-7.61351771798018	0.00726172745451297
AT1G27620	-0.645386891125821	0.00726187612812434
AT5G48020	0.307354610708003	0.00726187612812434
AT5G21090	-0.215442440300385	0.00732438022116531
AT1G14480	-1.06149223642378	0.00733340280673193
AT2G20670	-0.851627474922212	0.00736329684284946
AT1G22160	0.844685001666827	0.00743209085571897
AT1G78200	0.488017383677457	0.00745324190585253
AT5G01520	0.599343049262223	0.00745324190585253
AT5G45113	-4.84511618349209	0.00750835362046476
AT5G64170	0.334875025453977	0.00754366508417365
AT1G60750	-0.96009530623902	0.00755909321683817
AT2G20850	-0.42404150706781	0.00771307455848148
AT4G19840	-0.778342994890996	0.00771579586857262
AT5G44070	-0.339918436953557	0.00771579586857262
AT5G17770	-0.208226392935128	0.00777340351514788
AT5G35940	0.603630999113289	0.0078142742349348
AT5G06110	-0.216338451447479	0.00784412274932948
AT5G54145	0.577132851626559	0.00784449342352647
AT4G00230	-0.52521910753618	0.00784949264749306
AT5G19600	-0.554604461775436	0.00784949264749306
AT3G44680	0.550622482598957	0.00786746300274607
AT1G22150	-1.79497271495288	0.0078756415927419
AT3G16330	-0.552582208073661	0.00792067014907929
AT3G47790	0.515032271208286	0.00792067014907929
AT4G11470	-0.996802296886463	0.00792067014907929
AT1G73280	0.787223386907337	0.00809958321825053
AT2G46550	0.387853911084445	0.00809958321825053
AT1G04590	0.405148207432821	0.00818248016575644
AT5G46890	1.25068590980432	0.00823112841850418
AT1G11050	-0.372105229834342	0.00824094498250071
AT1G75730	-0.47994237563921	0.00826544593523269
AT2G35585	0.674822643917136	0.00829392192501805
AT5G36140	1.23427519498411	0.00829392192501805
AT3G23570	-0.311986026076524	0.00831914762399506
AT1G18440	0.710808689414018	0.00839740850400683
AT4G38470	-0.471644876659341	0.00839740850400683
AT5G13320	-0.913209373498347	0.00839788951177693
AT4G00670	-0.631421314680419	0.0084427531988822
AT5G45050	0.35109881230725	0.0084427531988822
AT1G20030	0.652717847776441	0.00845428442467872
AT1G21130	-0.627715066166553	0.00845428442467872
AT3G50750	1.2302622393321	0.00852720225906435
AT3G19450	0.236956219981491	0.00856746514781017
AT3G54450	-2.22841691145735	0.00859362411958069
AT4G25620	0.564264278230847	0.00859362411958069
AT5G57560	-0.89284687060557	0.0085952783536225
AT2G36690	1.11834743106841	0.00862114310561308
AT5G51740	0.484813716128301	0.00866303800141195
AT2G39400	-0.755532487573747	0.00871611835203982
AT4G00700	0.503922797655735	0.00884152651675284
AT1G65985	0.343331383346057	0.00884644065519148
AT3G01670	-1.0840637192202	0.00885973212669246
AT1G37130	0.250652419522173	0.00890447494878638
AT5G28020	0.41123823420255	0.00892127400774858
AT5G63810	-0.585252816831006	0.00897316414858373
AT1G23140	0.732494873824649	0.0090960780843636
AT4G21350	0.443059247594117	0.00910952637417466
AT4G19920	-0.828079991781922	0.00913680281627415
AT1G73780	1.603606884545	0.00917896846041921
AT5G07010	0.656811827678087	0.00926290276880661
AT1G68600	2.55941938132415	0.00936122418143585
AT2G47930	0.605515149513195	0.00945721598572458
AT1G70500	-1.02060805697026	0.00949484208187173
AT5G46670	-4.0621924628236	0.00949484208187173
AT5G62530	-0.534520014777731	0.00950091876964172
AT1G27210	0.34836426840537	0.00951703951415672
AT4G10550	-0.610811269969942	0.0095321920021652
AT5G43630	0.290233589575707	0.0095321920021652
AT1G23010	0.496779863609284	0.0095616424539893
AT3G53540	-0.290208865306549	0.00956234960403778
AT2G47540	0.452805617550009	0.0097263787665792
AT1G75030	-0.971462128925098	0.00973095350826588
AT5G48290	0.492318504847013	0.00977056753771684
AT1G32060	-2.34554008798445	0.00980867246970263
AT1G08990	0.382943529665817	0.00982964919135793
AT3G50410	0.926973748241826	0.00989819794070737
AT5G50560	0.896311464554571	0.00989819794070737
AT4G21940	-1.52210036657424	0.00995353516836701
AT1G34110	0.270877855204183	0.0100160356424764
AT2G20610	-0.342285023476051	0.0100461618877354
AT5G64000	0.378551968111678	0.0101245732905879
AT1G22230	0.442077751424984	0.0101312083747779
AT4G24240	0.376804242639685	0.010170833289449
AT1G48800	-2.21568084924886	0.0101854343598988
AT1G78940	-0.79531183370972	0.0101888355394601
AT3G63000	0.295803237760419	0.0101934115928884
AT1G03457	0.528708255655701	0.0101989495523447
AT5G46080	0.443797926842202	0.0102138299392494
AT1G06135	-1.34434521896736	0.0102187650987289
AT4G30460	-0.671027739444278	0.0102551715341398
AT4G04760	0.999363738191311	0.0102985336909501
AT1G20225	0.344687380639834	0.0103176760735715
AT2G02060	0.968076202503675	0.0103176760735715
AT4G00030	0.524449012925616	0.0103233567424818
AT5G24870	0.393722236008671	0.0103233567424818
AT1G14890	-0.473540628180831	0.0103826319238386
AT5G50020	0.34808824557416	0.0103826319238386
AT3G50930	-0.617307207185774	0.0104088256203126
AT4G13890	-0.892109096176876	0.0104565037018883
AT5G52950	0.645672962827958	0.0104739839303319
AT5G47850	-1.14226626713525	0.010515214659582
AT1G78820	-3.60784205950635	0.0105326995571736
AT4G18340	-0.495581486547012	0.0105859210838109
AT5G42970	-0.246465864375245	0.0106078690950679
AT5G64430	0.238175367121553	0.0106105214071326
AT5G52510	0.275077040373513	0.0107073786307395
AT5G63460	0.457457912547017	0.010709951546593
AT3G61400	0.586818045134097	0.0107197212291304
AT1G12730	-0.698404064814958	0.0107344690149863
AT2G35390	-0.489783585534525	0.0107392444849411
AT3G13000	0.495924299283935	0.0107450218420455
AT1G11400	0.319725085123233	0.0107457476880472
AT1G65060	0.405245955771805	0.0107485031277612
AT5G44350	-0.63830095428292	0.010844104411768
AT1G04290	1.63403410908239	0.0109011250218585
AT1G67148	-0.385962716411575	0.0109373553541137
AT1G15720	0.752216425224272	0.0109619785665363
AT1G29240	0.833183238160136	0.0109661555344654
AT2G28160	0.499938842400121	0.0111118597849027
AT4G15530	-1.03510227781412	0.0111153628227801
AT5G66790	-0.755341295615247	0.011293666472389
AT3G13080	-0.521407166909255	0.0113191259952137
AT1G74360	-0.54807332785854	0.0113371147565134
AT5G12170	-0.396806565161588	0.0113371147565134
AT1G62810	0.277453512136481	0.0113546038628977
AT3G14680	0.425885314086335	0.0113546038628977
AT3G19680	0.365801243674596	0.0113561098531708
AT3G49670	-0.352141144885185	0.0113561098531708
AT2G16740	-0.44940478283096	0.0114001671551026
AT3G22880	-0.66732966621638	0.0114476004193866
ATCG00340	-1.15504390462351	0.0114685458468006
AT5G07820	0.346127239057299	0.0114896919429191
AT3G27470	0.318641130178203	0.0115353392890805
AT2G38080	-0.63173896210154	0.0115679409634469
ATMG01370	1.10438122537475	0.0116312958473094
AT4G37290	-0.922066346498722	0.0117185030025104
AT2G39650	-0.551396454088091	0.0117340215988073
AT1G78210	0.708181067521185	0.0117584411233698
AT4G01250	0.999143186473334	0.0117934378920722
AT4G25030	-0.268099753581822	0.0118533973487902
AT2G01890	0.396523011149356	0.0118955524813508
AT3G26440	0.262899010414301	0.0119045257369607
AT5G26300	-0.900239649584755	0.0119045257369607
AT5G01650	-0.490886571221964	0.0119271833489535
AT1G21326	-1.04763990359354	0.0119293886907659
AT3G13600	-0.648755843143597	0.0119293886907659
AT3G19030	-0.737594828662865	0.0119708384956637
AT4G08380	-1.67715666585982	0.0119708384956637
AT5G17330	-0.252546883630206	0.0119955980819665
AT4G17250	-0.589163288836076	0.0121023228826327
AT3G52520	-0.986874562245242	0.0121058938711614
AT1G56430	-1.25244447319178	0.0121172864564891
AT5G66830	1.43396782398654	0.0121172864564891
AT3G20080	0.303144839195022	0.0122562258157531
AT4G22810	0.329584047255784	0.0123167867807597
AT1G49160	-0.621199132677328	0.0123422823091558
AT5G57660	0.439985509989929	0.0123466340259833
AT2G33710	-0.628656791829668	0.0123546473411776
AT2G20470	-1.54003145488972	0.0123999279861334
AT4G05150	0.266950791986128	0.0124196984009478
AT2G46630	-0.61263918116591	0.0124689550822332
AT1G18900	-0.387727395065815	0.0124913547086928
AT3G44490	-3.96761342037275	0.0126065442920004
AT1G21590	-0.353471599999298	0.0126789220843497
AT4G37900	-0.482261233517216	0.0127235410232277
AT3G13610	-0.265951754320371	0.0127655099836216
AT5G02200	1.02424543619704	0.0127655099836216
AT3G22890	-0.260109087385363	0.0127717254200411
AT1G57990	-0.668864056105555	0.0128102074150974
AT2G37750	0.510461027707434	0.0128551066560638
AT5G10280	0.570866549167596	0.0128701124179431
AT1G14860	0.535012229156789	0.0128749774935354
AT3G16530	-1.42203657524084	0.0128749774935354
AT1G59740	-0.774986896553213	0.0129375180131177
AT5G02940	-1.51136256565481	0.0129375180131177
AT3G60550	-0.612308599248009	0.0130846760556525
AT5G54300	0.730308307219876	0.0131588230343622
AT4G18170	-0.733131512075187	0.013172445985098
AT5G19890	-0.387973588012086	0.0131859214958951
AT5G65430	0.254650276139919	0.0131974369714778
AT1G62300	-0.369936491021999	0.0132474556286571
AT1G15030	-0.387577635889374	0.0133279717805005
AT1G06670	-0.17986957719452	0.0133574255338025
AT1G05770	-1.14472226203734	0.0133625203035029
ATCG00270	-1.00689522517288	0.0133781775921579
AT2G20562	-0.676131372000861	0.0135267711614788
AT1G21360	0.872786609761876	0.0136397577709869
AT4G00820	0.270477453861075	0.0137145428566148
AT5G49780	-0.531595727438767	0.0137145428566148
AT1G02360	-0.360354623883494	0.0138389395559005
AT1G67000	-0.841541534164102	0.0138389395559005
AT1G80940	0.352979304863558	0.0138389395559005
AT4G10520	-1.72730019763225	0.0138389395559005
AT3G03470	-0.614876316248032	0.0138444955915097
AT5G51190	-0.639186389603283	0.0139100950914052
AT5G46180	0.311126182991538	0.0139206461867532
AT4G33040	0.514019851458788	0.0139345415057041
AT1G61080	-0.741924184604252	0.0139447357456976
AT3G23550	-1.55627917508252	0.0139447357456976
AT5G44800	-0.195039441980944	0.0139447357456976
AT3G20590	-0.656662215559503	0.0139772292885972
AT1G14060	0.374978114313495	0.0139795472949405
AT1G48745	0.747720487731006	0.0139795472949405
AT5G49500	-0.504259324211361	0.0140767532326652
AT4G20000	-0.503957283113919	0.0140832074043525
AT4G08390	-0.186838089209261	0.0141045492579538
AT5G06980	0.551518008458286	0.0141045492579538
AT2G47550	-0.503422043442826	0.0141552717370261
AT1G04950	-0.325731503860061	0.0141849691858088
AT1G20650	0.662940941191407	0.0142193051202438
AT3G02790	-0.488895174185548	0.0142380472227003
AT5G67240	-0.228746443018479	0.0142682483450261
AT1G76080	-0.743264676824527	0.0142862170531035
AT5G53420	0.402791828949194	0.0143609900168822
AT3G55740	0.405742502725653	0.0145426150581524
AT1G76410	-1.43557202156728	0.0145426946635261
AT3G16850	0.312980046823926	0.0145426946635261
AT3G47810	0.237965854286632	0.0145721880044022
AT1G17860	-0.324509815036415	0.0145802545350151
AT5G40990	-0.69690542504483	0.014585122870152
AT3G56220	0.966723239922906	0.014805502575348
AT3G27400	-1.35534207884568	0.0148885219194524
AT4G03550	-0.28753256630764	0.0148897542447015
AT5G17700	0.957232615554797	0.0148897542447015
AT5G45800	0.445299823798431	0.0149192279505061
AT5G59550	-0.43696172200619	0.0149192279505061
AT5G24530	0.408418203639008	0.014961452318738
ATCG00360	-1.17238236798694	0.014961452318738
AT1G70590	0.480998439709507	0.0149939644727576
AT2G46750	-0.389255929948777	0.0150726446805381
AT2G38290	-0.308380024125795	0.0151534607793728
AT3G43190	0.607726743702248	0.0151691478906783
AT2G13895	3.9629425606543	0.0151857603491137
AT3G28920	0.831024559172799	0.0151857603491137
AT1G11870	-0.47228722782424	0.0154241380298988
AT5G16340	0.922758370847973	0.0154241380298988
ATMG01390	-0.342844628358858	0.0154860412825753
AT1G08670	0.849976259760894	0.0154988841577141
AT1G21100	-0.477694403106625	0.0154988841577141
AT4G36020	-0.274373228363062	0.0154988841577141
AT5G43270	0.528632939319208	0.0155496658767834
AT2G01530	0.44147953812823	0.015614553149004
AT5G49665	-0.358930251174622	0.015675235080003
AT1G12530	0.463265440073922	0.0156927185482695
AT5G59845	-1.43267080275329	0.0156945011941589
AT2G02780	0.445156158805567	0.0157527526957946
AT1G20780	-0.329762922702904	0.0157571237756716
AT1G26560	-1.09354796564597	0.0158051952554903
AT4G12070	0.310555879061073	0.0158051952554903
AT1G21270	-2.04719404352839	0.0159551730248477
AT5G46295	1.48391909126494	0.0159551730248477
AT1G74170	-0.543548941368021	0.0159892419605561
AT3G14720	0.288256249194671	0.0159892419605561
AT1G02305	0.297189239499975	0.0160898593516963
AT5G62130	0.571537959733931	0.01609850773627
AT4G39675	0.90989069797286	0.016112371827132
AT5G40720	-0.820215992072553	0.0162023153137213
AT5G59540	-0.534161251544669	0.0162095156491334
AT2G40900	-0.488423038847232	0.016226935777612
AT4G39640	-0.54331018468567	0.016226935777612
AT1G04370	-1.80822038945113	0.0162619018520713
AT1G15640	-0.90914395576323	0.0162619018520713
AT1G19990	-0.450036067888889	0.0162619018520713
AT1G52050	-0.611604333378509	0.0162619018520713
AT3G51530	-0.473826850113392	0.0162619018520713
AT3G14570	-0.466833856205648	0.0162667688910506
AT1G07160	-1.03642086790542	0.0163337471895383
AT3G26250	-4.43520400694531	0.0163337471895383
AT5G40020	-0.765710528119431	0.0163337471895383
AT5G38930	-3.44804939265978	0.0165391222763081
AT3G47720	2.98760662747658	0.0165923550374582
AT3G27770	0.373456999213861	0.0166851122985732
AT5G01350	0.315911798851904	0.0166851122985732
AT1G05880	-0.839386804368047	0.0168725839816211
AT1G23160	-1.89353686540976	0.0168725839816211
AT1G79680	-0.826478879733709	0.0168725839816211
AT1G58270	0.391067739665222	0.016876080177538
AT5G44530	-0.512605447862825	0.016876080177538
AT3G54640	-0.291922074835074	0.0169838978593153
AT3G44690	-0.546229875358313	0.0169999582927558
AT4G34500	0.407588390241458	0.0170121682658864
AT5G66080	0.585835776827976	0.0171731675693425
AT2G13550	0.538044770182857	0.0171739927726819
AT1G21520	-0.688222791357755	0.0171826528243467
AT2G29320	0.899776777544097	0.0171826528243467
AT3G16860	-0.481775282007859	0.0173231077069924
AT3G28200	0.430866044489978	0.0173231077069924
AT3G46490	4.8205299590033	0.017375028895307
AT5G05960	-0.493722947375494	0.0174014427470061
AT3G11820	-0.387442334242029	0.0174554204705148
AT3G63210	0.305264670720986	0.0175901360137171
AT3G06080	0.438283625935649	0.0176269643278918
AT3G46530	0.684353333909899	0.0176379164073682
AT1G17560	0.590889488012692	0.0176569164211113
AT5G01075	-3.27220259476334	0.0176569164211113
AT2G29130	-1.09527874625096	0.0177119706669375
AT4G15500	0.468605239878495	0.0178156989427377
AT3G60270	-0.42713234656807	0.0178281085111921
AT5G03860	1.08015700468151	0.0178463293065241
AT2G41370	0.639680532657476	0.0178604131372
AT1G20880	0.519321895574296	0.0179185627717153
AT2G34020	0.302922825758498	0.0179185627717153
AT3G43670	0.555831934827604	0.0179185627717153
AT4G22640	-0.707891425883829	0.0179185627717153
AT3G24020	0.51094325759823	0.0179905285990954
AT3G48660	1.0294371982707	0.018092978069849
AT5G65050	0.352374899600231	0.0181241156011347
AT5G59490	0.723731831879635	0.0182497768731391
AT2G27550	-0.539465498550094	0.0182638551543195
AT1G09230	-0.418615404646039	0.0183035224182628
AT1G74460	0.2790515826341	0.0183118178796713
AT4G16760	-0.214116028601636	0.018416686058888
AT1G74750	-0.462957613781257	0.0184234509109647
AT5G65390	0.384795904286655	0.0185627585975491
AT3G49845	-0.5839059495003	0.0185710508589075
AT5G44100	0.20255021338302	0.0185710508589075
AT2G24270	-3.92600497546646	0.0186577506660864
AT4G36880	-0.494112720965193	0.0186577506660864
AT1G61340	-0.841371421030889	0.0186628858466711
AT2G37650	-0.620087072262531	0.0186628858466711
AT3G27030	0.525194243100141	0.0186628858466711
AT3G50070	0.350382215621487	0.0186628858466711
AT2G32190	-0.615545059046662	0.0188017870618194
AT5G51970	-0.31106592661899	0.0189020744179009
AT2G28400	-0.613002125373367	0.0189798730736953
AT1G58225	-4.61325720668449	0.0190535311190881
AT3G12230	-1.65075503084908	0.019139551116223
AT5G63560	0.411295583113595	0.0191528863661571
AT5G02290	-0.381460779766853	0.0192249189700389
AT5G27230	-1.18811186428067	0.0192489200702987
AT5G53500	0.525548613890113	0.0195111862856119
AT2G41410	-0.252461518728567	0.019534038279392
AT1G58170	-0.444943720452634	0.0195521284514113
AT5G01980	-0.289363013254378	0.0198104196282477
AT5G43650	-2.28124319730353	0.0199041327606542
AT1G11170	0.637950980642652	0.0202123127271537
AT1G07960	0.33230495999315	0.020233976768036
AT5G36130	1.06146597246808	0.020233976768036
AT3G28540	-0.847267416414659	0.0202357128633407
AT3G18280	-0.321815114797549	0.020309682257327
AT1G73160	0.62485915679291	0.0203143973834062
AT5G15870	-0.255873826225146	0.0203145016069203
AT5G64830	0.465426543092181	0.0203266912938011
AT3G54810	0.23291135650685	0.0204491425268129
AT3G25930	0.370310955204401	0.0206297636879504
AT5G51460	0.37937283841928	0.0206697173129918
AT2G48080	0.520219110110959	0.0207821560166478
AT3G46190	-2.60622687255961	0.0207821560166478
AT3G42180	0.545334939254137	0.0208272556693547
AT1G78476	-0.989115440802918	0.0208733931308647
AT1G15010	-1.25719736432697	0.0209892813775903
AT3G48690	-0.293411937902495	0.0210087053969154
AT5G64330	-0.334779447604454	0.0210087053969154
AT3G51540	-0.707458830204609	0.0210169445815274
AT5G52800	-1.01071457482522	0.0210925763306573
AT5G55910	0.231511778006151	0.021252003764001
AT1G13600	-0.782123742973641	0.0214460033637843
AT1G14640	-0.814584774816894	0.0214460033637843
AT5G47220	-0.75054646793029	0.0214460033637843
AT5G37590	0.441960894838959	0.0217080899855968
AT5G24165	-0.496612575163696	0.0217300825958019
AT4G37295	-1.53364300730185	0.0218676795299238
AT1G03230	-0.331938783395334	0.0219409075755458
AT1G28190	-0.791990429543402	0.0220264422386081
AT2G17700	0.286250373118131	0.0220502523496164
AT5G58430	-0.242656990442547	0.0220933174504265
AT3G16800	0.313457666955983	0.0221617881790013
AT3G01290	-0.356342896038514	0.0221681462693165
AT3G62860	0.43794018721833	0.0222069352120423
AT5G60300	0.29394630367199	0.0222719585431547
AT3G45780	0.567725987048644	0.0225139381841673
AT4G25100	-1.08247166517792	0.0225859347246238
AT5G43020	0.41944080170125	0.0225940678412799
AT2G21850	0.327362660066652	0.0226242231952775
AT3G09405	-0.735785051701611	0.0226303534221199
AT1G07890	-0.198973200548279	0.0226643580495412
AT5G39040	-0.273438897667586	0.0226643580495412
AT3G29100	-0.699063421755086	0.0226720463007383
AT5G24600	-0.953154942911167	0.0226848242402051
AT3G27360	0.653678035613589	0.0227641730412971
AT1G21170	-0.227616197931873	0.0228444507614395
AT4G24160	-0.370454611865637	0.0228563096008806
AT5G45100	-0.302209300256056	0.0228768955362468
AT1G16570	0.372030781299959	0.0230518154779823
AT3G26220	1.24079418572228	0.0230731056433697
AT2G04190	-3.06243509329936	0.0231608508944377
AT5G52690	-1.07983714695664	0.0232610148138131
AT3G11340	0.305622520238027	0.0234339211843971
AT2G05350	3.74595246553556	0.0235894956185747
AT3G27210	0.370514007849124	0.023617485818144
AT1G72150	0.31189568206235	0.0238237423522259
AT1G68500	1.15561959080108	0.0238424402032245
AT4G33420	-0.422391558894496	0.0238808402818485
AT4G20840	-0.450011853237392	0.0240004520998408
AT3G55840	-0.95188627279842	0.0240866617808246
AT2G14247	1.98758381464958	0.0240939760247652
AT4G22070	-0.652873067449667	0.0240947290336625
AT5G35180	-0.203156698216063	0.0241200207023798
AT2G03530	-0.663345549788614	0.024141432587915
AT1G28960	0.332006855529082	0.0241980733903991
AT2G35060	0.329580758015836	0.0242568860555952
AT3G45930	0.542389727237202	0.0242568860555952
AT3G25610	-0.485507187695583	0.0242855908127793
AT1G18320	1.52170087784354	0.0243165727532886
AT2G32200	-2.5851224291798	0.0243165727532886
AT3G05650	-2.74723084406478	0.0245345361714989
AT5G19040	-0.842132226987093	0.0245520091951524
AT2G14878	0.601270892102594	0.0245625657293139
AT3G61270	0.298776682790376	0.0245625657293139
AT4G22670	-0.195465021351088	0.0245625657293139
AT5G66640	-1.01175403380471	0.0246132192784397
AT3G22142	-2.92223769486053	0.0247016580218508
AT4G37790	-0.298909756567275	0.0247223647078404
AT2G02620	0.846741377704706	0.0248789455256319
AT3G48390	-1.2875264327755	0.0248801439572709
AT1G79320	0.842562814295431	0.0249222513444026
AT5G59450	-0.353763603146154	0.0249303284020244
AT1G01480	-0.861588999919987	0.0251440164176816
AT1G22500	0.510347460913855	0.0251440164176816
AT5G28630	-0.76393233705087	0.0253797531651758
AT3G20570	-0.57532569697298	0.0255031662386663
AT3G09710	0.428350430042551	0.0258401599556783
AT4G26640	-0.321060113162603	0.0259595741168923
AT5G66780	-1.6648004755682	0.0259595741168923
AT3G19010	-0.344643163233245	0.0262185390780414
AT2G40000	-0.666509121936993	0.026253566120336
AT3G55120	-0.297658908652533	0.026253566120336
AT1G08290	-0.635592216016654	0.0263681122490675
AT1G01010	-0.258216388933034	0.0263783492095358
AT4G35060	0.319547069486573	0.0264410741667736
AT1G72230	0.376283916480144	0.0264696280984281
AT1G55350	-0.205725567732774	0.0265151403790317
AT5G66820	0.283724666168378	0.0265400056940193
AT1G69930	-2.72167339333374	0.0267136473992451
AT4G01380	-1.4935991801078	0.0269430827696111
AT2G45300	-0.228748602355123	0.0271404548330137
AT3G24460	0.398055479702586	0.0271639630810833
AT4G38340	0.448614169424688	0.0271639630810833
AT3G03660	-0.780146529479137	0.0272446477970857
AT5G05890	0.352224632077164	0.0272446477970857
AT3G42860	0.615214048662909	0.0273008363796887
AT3G52500	-0.317400003752544	0.0274724126851616
AT1G10480	-0.453840706928641	0.0275106704141008
AT2G46680	0.482474622705041	0.0275106704141008
AT3G13330	-0.214159088287206	0.0275106704141008
AT3G48680	0.268875795688721	0.0275555235928399
AT5G10970	0.60255051790692	0.0276927667013166
AT5G25170	-0.457343441730833	0.0277464129863012
AT5G48412	0.541427417623019	0.0277827141252733
AT1G22540	0.459288488345974	0.027794481039828
AT4G12570	0.303346585439138	0.0278902775437613
AT1G32960	-0.94202729890717	0.027931719228526
AT3G46950	-0.544276440428018	0.0281509116594071
AT1G04570	-0.833264105180566	0.02819393954909
AT3G51480	0.523322203691166	0.0282659878666806
AT3G52920	0.307446782894289	0.0282847622676706
AT5G25930	-0.480194887200589	0.0282847622676706
AT1G24620	0.639671944656638	0.0283935243422585
AT1G59620	-0.95888693792735	0.0283935243422585
AT3G49580	1.11370197728754	0.0283985388889315
AT3G02360	-0.198387318106013	0.0284308777707791
AT1G27300	0.339876701886563	0.0285862977165359
AT2G34470	0.218553918275351	0.0285862977165359
AT5G02320	-0.542342343843755	0.0285862977165359
AT5G08790	-0.453637333592322	0.0285862977165359
AT4G23680	-0.701186514825186	0.0286140380444943
AT1G77310	0.540853186023586	0.028687799380686
AT5G55120	-0.266318810183456	0.028687799380686
AT3G52535	1.57273202639342	0.0287865286660953
AT2G24720	-0.530794625017154	0.0288992187159039
AT1G58602	-1.26198708133594	0.0289014444467785
AT3G27490	0.840436694972641	0.0289460277096828
AT4G17030	-0.629537537669954	0.0290181431423576
AT5G10410	-0.43624299879566	0.0290803185945862
AT5G65640	0.36784677343205	0.0291062846685442
AT3G61420	0.355091426756909	0.0292595193398397
AT2G44460	-1.92235435800987	0.0292699663279552
AT1G48100	1.23162816651409	0.0292952732834433
AT4G18425	-0.782617367795054	0.0292952732834433
AT3G52190	0.376666495203709	0.0293631900751744
AT3G57170	0.386029779215924	0.0293631900751744
AT4G12720	-0.38702179671079	0.0293631900751744
AT4G39670	-0.668326332436729	0.0295250716505742
AT2G34140	-0.562506222375917	0.0295587167421849
AT1G18390	-0.302942841669474	0.0296447682342257
AT5G43450	-0.893129118412725	0.0298405513948379
AT1G67160	-0.955037669077387	0.0300360625824776
AT2G18690	-0.480367390245305	0.0300360625824776
AT1G19730	0.493559625518943	0.0300874346705544
AT5G08500	-0.265083097488792	0.0303173011038491
AT5G62940	-0.802102293195772	0.0303529592841656
AT1G01090	0.224121797854854	0.0304289287963047
AT4G34390	-0.382908320802391	0.0307572446335239
AT5G60990	-0.287212093276189	0.0307572446335239
AT1G62262	0.568864723863069	0.030792842825696
AT1G77885	0.401805498597598	0.0307937333308194
AT5G38420	-7.82311698718269	0.0307937333308194
AT2G10940	-4.94870962661523	0.0308289795559778
AT1G63800	0.369052702781543	0.0309089603444782
AT1G75380	0.298692371616591	0.0309301551853097
AT4G19925	-0.993610667887497	0.0310703293910912
AT2G22000	0.487391794424662	0.0312442777546548
AT1G15900	-1.43918091503061	0.0312464323144672
AT1G17830	-0.767233734753896	0.0312464323144672
AT5G47720	-0.256820873532309	0.031323277424258
AT5G58660	0.760095512020793	0.031323277424258
AT5G38200	-0.758433859491734	0.0314222958622412
AT1G17880	0.238384390068399	0.0314994997874569
AT5G65840	0.420301373894618	0.0314994997874569
AT5G50360	-2.57353472307206	0.0315858876618765
AT1G78840	-2.17262497988282	0.031591653680803
AT1G65970	-0.552829586412069	0.0316216558854555
AT5G51760	1.95281902006979	0.0316278085604475
AT1G80840	-1.28982623896795	0.0316522392717143
AT2G37090	-0.613329309816791	0.0316522392717143
AT3G17790	-1.04092643592993	0.0316742093866614
AT1G27730	-0.561173270173351	0.0317142870087089
AT2G28720	0.30097337286723	0.0317142870087089
AT5G66520	1.58880808146271	0.0317142870087089
AT2G19810	0.629394550392427	0.031746977755289
AT4G26270	-0.336044881302284	0.031746977755289
AT5G65925	0.75452980284327	0.031746977755289
AT2G22140	1.62127194924171	0.0317964399333978
AT3G63010	0.25546682590021	0.0319628570500609
AT5G61020	-0.173269422911525	0.0319628570500609
AT4G35110	-0.369373747662578	0.0321278917827311
AT1G12630	2.08677420181671	0.0321917486654201
AT5G64560	0.437725874591656	0.0322635174229832
AT1G01660	-0.942900342472226	0.0322810152283578
AT5G49540	0.290335148578046	0.0322810152283578
AT2G28270	-2.18520173219704	0.0323602795715002
AT1G50060	-0.511514109108657	0.0324605350427946
AT5G44690	-1.75498564156316	0.0324676874373843
AT4G30280	-0.65139759619707	0.0326039263213691
AT1G04635	-0.858952847097812	0.0327131086169076
AT3G09950	0.904689647135808	0.0327131086169076
AT1G11450	-0.601032471456884	0.0328608574776192
AT1G43800	1.34019718406306	0.0329469492030484
AT1G64200	0.349392499716782	0.0329469492030484
AT3G29330	1.24365355965979	0.0329469492030484
AT2G25460	-0.644997195748945	0.0330497777952024
AT1G49320	0.514800387021748	0.0330567998540254
AT1G79200	-0.398795282702616	0.0330904232328757
ATCG00350	-1.00930480882533	0.0331528602524123
AT1G24430	-0.453572194181127	0.0332376424843845
AT1G26450	-0.503292780307477	0.0334949658253533
AT1G70830	-3.14030442613812	0.0335198187221387
AT3G01310	0.253851087263646	0.0335198187221387
AT5G47950	0.548401490929385	0.0335198187221387
AT3G48210	0.357178223568363	0.0337405787237522
AT1G71696	-0.294586392895948	0.0338188445058886
AT5G24550	-3.74006857193072	0.03390002930025
AT2G38820	-0.685588425508403	0.0339694166050959
AT3G23920	0.240767375448582	0.0339940274601432
AT3G13433	-0.8278794235871	0.0341479767605853
AT4G14630	-0.423251369795733	0.0341479767605853
AT4G35270	0.32505810312131	0.0342053739308751
AT3G48710	-0.289327495092029	0.0342381755787043
AT4G18700	0.216341892118833	0.0342404312196031
AT1G23560	0.54701624645021	0.0342518508871158
AT1G13470	-5.9409000872475	0.0343172600180876
AT1G16060	0.429569465567902	0.0344197783024642
AT2G44380	0.494637864527508	0.0345519385394793
AT3G52570	0.517590230805452	0.0346070138984725
AT1G19140	-0.27626575721925	0.0347084378073082
AT3G45430	0.896924062624604	0.0349750066819938
AT5G17760	-0.367328490055676	0.0350050317724043
AT5G17350	-0.714206417683549	0.0350574906614686
AT3G21550	-0.716370810483956	0.0351599616254356
AT1G15490	0.290744669352579	0.0353381066144701
AT2G29110	-1.36318523875844	0.0353381066144701
AT2G31880	-0.288596949077608	0.0353381066144701
AT5G60340	0.286538352571995	0.0353381066144701
AT1G19396	3.58967829301751	0.0353793542852291
AT1G29910	-3.68292080808614	0.0354002682416539
AT5G22780	-0.225697818422622	0.0356056436519773
AT5G42840	0.751356642214562	0.0356056436519773
AT5G51410	0.257417906998629	0.0356131820886895
AT1G01630	0.305995156301283	0.0357525152914814
AT1G01140	-0.81472329117126	0.0357863655662918
AT2G26420	0.47669139433324	0.0358104561813318
AT2G29750	0.390943316202228	0.0358850467521757
AT1G10740	-0.302287919902432	0.0360266591179974
AT5G60210	0.355748881321472	0.036095217604521
AT1G04800	-7.29304102960679	0.0361064132669586
AT1G65500	-1.1885057718552	0.0361064132669586
AT1G56060	-1.66504011349509	0.0361417618183872
AT4G32650	0.326843437745055	0.0361811570960026
AT1G07700	0.411097545788359	0.0362835146624466
AT2G01880	0.581285021139223	0.0363254002420656
AT2G37810	-1.40872626460556	0.0365949664159795
AT1G74840	0.224088815472253	0.0368476238967302
AT1G21080	-0.213791151181204	0.0368740380553338
AT5G04930	-0.316623986729027	0.0369367862354392
AT3G47160	0.473956861174936	0.0369614288423277
AT5G65350	1.2865916034369	0.0372857093424201
AT5G27380	-0.230090717845569	0.0372993318290873
AT1G18500	-0.218585983905307	0.0373023811041419
AT1G32928	-1.23514118909289	0.0374433082405669
AT4G21865	-0.664928136727464	0.0374433082405669
AT4G26400	-0.380498901299934	0.03758775372465
AT1G43020	0.753590851710482	0.0376070193262192
AT2G23700	0.359164172640033	0.0376070193262192
AT3G15095	0.222265033893974	0.0376070193262192
AT5G44020	0.441256720490049	0.0376070193262192
AT5G41550	-0.666963694116683	0.0377344449814244
AT2G03810	0.362842393538857	0.0377402511712584
AT5G66816	0.56431848312953	0.0377402511712584
AT3G10120	-0.493516172665742	0.0377697633500464
AT1G08890	0.458525231061931	0.0378341647388448
AT1G51140	0.354524148949232	0.0378341647388448
AT5G53250	0.584818133116702	0.0378341647388448
AT5G55580	-0.608730293406835	0.0379410312789103
AT4G22214	1.05890110883818	0.0379421261919518
AT5G15960	0.751702454539046	0.0379745597052032
AT3G28930	-0.636318297422629	0.0380172333330367
AT5G04885	-0.411384811440545	0.0381536354881282
AT4G31950	-1.22479590200908	0.0382870024385033
AT1G12780	-0.388686855474706	0.0383343553369939
AT3G08670	0.23467561194246	0.0383474253143844
AT1G74500	0.369543540124533	0.0383670499345803
AT2G26040	0.55369063772667	0.0383710586735725
AT4G39070	0.410353915382869	0.0383710586735725
AT1G19250	0.831139452655415	0.0384296389934887
AT4G37640	-0.285524723438762	0.0384532474782993
AT1G20160	-0.687422444840478	0.0385362862986704
AT5G39160	-1.07058143714825	0.0385362862986704
AT1G27470	-0.207423695989142	0.0386487401325482
AT2G31180	-0.491232758167472	0.0386616285585605
AT3G61220	-0.32197265153344	0.0388468928811244
AT3G49930	0.876519532519608	0.0389107431015626
AT4G36945	-0.54867526529194	0.0389670373050042
AT2G33170	-0.295737622710927	0.039107595555746
AT3G61190	-0.541847694695214	0.0391554109101321
AT4G18930	0.283878507945598	0.0395999753143563
AT2G16380	-0.581005982499491	0.0397474562594492
AT2G46650	-0.287249819484755	0.0397474562594492
AT3G47630	-0.394663911790405	0.0397654072344421
AT2G34650	-0.546448658776813	0.0399104026061247
AT5G53220	0.594502630567805	0.0399546289987238
AT1G75830	-3.03693243091226	0.0399730441646373
AT3G04720	-0.483466775804376	0.0399730441646373
AT3G15115	0.621268092846858	0.0399730441646373
AT4G23050	0.327726401761256	0.0399730441646373
ATMG00020	-0.33528955718829	0.0399730441646373
AT4G10265	1.98051165223228	0.0399825649701797
AT4G17730	0.344889686899335	0.0402125974346613
AT1G61050	0.519247192840078	0.0402527311783149
AT3G57030	-0.510614063847925	0.0404892288749239
AT3G52780	2.43880515494153	0.0405094165564589
AT1G14210	-0.268621174477183	0.0405476622785301
AT1G07795	-0.986676517766527	0.040747093290859
AT4G31290	0.398248471715455	0.040747093290859
AT1G73150	0.447013632031307	0.040785341321861
AT1G71270	0.222801621004377	0.0408381899423092
AT3G45160	-0.511456120962023	0.0408381899423092
AT4G23190	-0.475100371725161	0.0408381899423092
AT2G28350	0.309694244359383	0.0408675524157529
AT5G41180	-0.30958319046235	0.0411419358464989
AT1G69530	-0.305747622304778	0.0411834301776422
AT1G17620	0.261644268333768	0.0413797972083027
AT1G05350	0.336481988664619	0.0415179577174369
AT1G61590	0.639398453744546	0.0417237712412317
AT1G70420	-0.597627477002102	0.0417237712412317
AT4G15330	0.48662880966472	0.0417237712412317
AT3G60070	-0.370963831282995	0.0417477069088498
AT3G53600	-0.940742360289938	0.0419458243916699
AT4G10500	-0.391806378359492	0.0419458243916699
AT2G23100	0.577869633853699	0.0419478193155168
AT3G08940	-1.50481125133195	0.041981352098081
AT3G20395	2.90091958525416	0.0420646845513223
AT4G19230	0.508092741066867	0.0421793865324092
AT5G37660	-0.508156098738126	0.0422218214635749
AT2G25620	-0.240689504429507	0.0424963245386937
AT3G09220	-0.39486946651543	0.0425315976610201
AT3G03910	0.64252588357732	0.0427593119879456
AT5G38410	-5.12341547612935	0.0428990493623828
AT4G37030	-0.630508767442913	0.0429146130406781
AT3G45680	-1.171313816683	0.0431182739384311
AT3G30841	-0.324403839601916	0.0431304873723551
AT2G14750	-0.230087565660251	0.0431656066117872
AT4G18970	-4.13120969352839	0.043275734392454
AT4G23540	-0.266542667135658	0.0433213618601302
AT5G51310	-0.455136663458187	0.0433213618601302
AT2G23300	0.349863521315633	0.0433793557032495
AT5G38940	-0.321554886327869	0.0436681454634647
AT1G59730	-0.6948330788075	0.0437126174160116
AT2G45660	-0.386763268699913	0.0437126174160116
AT4G03420	-0.482392264326813	0.0437126174160116
AT3G21140	-0.298582523733768	0.0437807861879045
AT1G75410	0.294298049057952	0.0437963625298433
AT3G24510	-1.21817778013	0.0437963625298433
AT4G33150	0.30059058233884	0.0438186735824535
AT5G44190	1.15929810218695	0.0438186735824535
AT3G44430	0.415947961098493	0.0438803022352157
AT4G33810	-1.2025763495708	0.0440783195294061
AT5G40980	-0.435632942200775	0.0440783195294061
AT1G44608	0.663097184723864	0.0441274624802388
AT2G35150	-0.885861761998871	0.0441911211385971
AT3G54220	0.322704946014495	0.0441911211385971
AT1G24020	-2.42981080082261	0.0444096602978295
AT5G51580	0.402494698820179	0.0444096602978295
AT3G15518	-0.699732027142646	0.0444270435085107
AT5G18860	0.399451899924893	0.0444529257671326
AT5G65260	0.280329390327439	0.0444867604645204
AT1G17200	-0.871081533015264	0.0447493137583418
AT5G53110	0.406331325968728	0.0447493137583418
AT2G30210	0.355656191104096	0.0449148857480954
AT4G09760	0.397535680677525	0.0450523334759167
AT1G61430	-0.604848042182226	0.0452558513951179
AT3G55620	-0.198924959322849	0.0452558513951179
AT1G66470	0.42914488121304	0.0452810562106824
AT4G27610	0.343771802517854	0.0454012755931041
AT5G03340	-0.217995072562698	0.0454012755931041
AT5G49290	1.26462166644051	0.0454012755931041
AT1G76340	0.281003791267129	0.0454770533541415
AT4G35030	0.319806372728069	0.0454770533541415
AT5G22640	-0.287635184430246	0.0457303457774678
AT2G16580	0.599031187831003	0.0457329010604482
AT2G16890	-0.317392511199839	0.0457329010604482
AT5G46870	0.567168600168638	0.0457329010604482
AT3G50920	-0.48150922194651	0.0458543999762272
AT4G30650	0.382856547309778	0.0458543999762272
AT5G61150	-0.173307985411142	0.0459211324346688
AT4G01780	-1.37292059132925	0.0459260044202717
AT4G24380	-0.646107163146185	0.0459333621268987
AT4G39830	-0.567011651550696	0.0460336255285334
AT3G46680	1.67553315224202	0.0461924678870673
AT5G40760	-0.176485848906948	0.0461924678870673
AT5G52860	1.61870621629791	0.0461924678870673
AT3G55230	0.417837315976811	0.0463237454677685
AT1G77350	0.297310490451059	0.046337924396041
AT3G51100	0.312315046411484	0.0464453207249616
AT1G26250	-0.292492935761787	0.0466143777690377
AT2G40460	-0.568034899844844	0.0466143777690377
AT1G34460	-1.2529684655375	0.0467159148075118
AT4G00400	0.511510740137247	0.0468981824463698
AT3G51770	0.199878550024958	0.0469293330285343
AT5G51810	1.19824716410931	0.0469293330285343
AT2G31200	-0.295268130644873	0.0469414384790242
AT2G24260	-0.267849693233836	0.0470135638766976
AT4G10370	0.457889797490383	0.0470135638766976
AT4G33070	0.85627612382094	0.0470135638766976
AT4G39890	-0.484390696959871	0.0470135638766976
AT2G39200	0.44600327279004	0.047186525417542
AT1G28170	0.627320596262193	0.0475768726503043
AT5G47040	-0.207052875250175	0.0475768726503043
AT5G02810	0.313881876863656	0.0476832669711146
AT1G02270	0.35550210409614	0.0477746587280747
AT3G29180	-0.224915352101195	0.0477889173160492
AT4G22110	0.413909716923345	0.0477889173160492
AT1G12260	-0.802975665043606	0.0479246603405857
AT3G48530	0.263188372397787	0.047998196089858
AT3G51640	0.284909041898587	0.0481135497126951
AT5G40210	0.720320554531328	0.0481135497126951
AT1G04425	-0.735686702359591	0.0482051860520085
AT1G11440	0.485582393173413	0.0482051860520085
AT3G08760	-0.344008557380156	0.0482051860520085
AT5G64070	-0.183918398640668	0.0482898808730364
AT1G72130	0.304626789656078	0.0483899292962299
AT1G23390	0.482052335349299	0.0485509181166831
AT2G15390	-0.358217266890139	0.0485509181166831
AT5G48175	1.0458767162633	0.0485990887147502
AT4G21326	-0.564912300503121	0.048906946859056
AT2G35940	0.311173830118889	0.0489733587044945
AT1G55920	-0.381831325385438	0.0489831697194122
AT1G15415	-1.49377715594166	0.0490151948705454
AT5G01240	-0.399588795043252	0.0490151948705454
AT1G13610	-1.12243822213083	0.049114745465767
AT3G59340	1.18789432489009	0.0492415486384983
AT1G33055	1.6495127514992	0.0492574939205364
AT3G54120	-0.494039502124917	0.0494843309983577
AT5G10625	-0.541786117146204	0.0494843309983577
AT5G59520	-1.47298201531128	0.0494968427242906
AT3G45600	0.256940747566734	0.0495754144966013
AT2G35980	-1.12357925817667	0.0496016117683088
AT3G48410	0.415803033060684	0.0496473188515711
AT3G13310	-0.244349961898841	0.0498136553325209
AT3G60450	-0.215638438017593	0.0498136553325209
AT5G25370	-0.723705756250064	0.0498136553325209
AT5G57610	0.300503584567432	0.0498136553325209
AT3G50060	-0.662354271913265	0.0499127897292284
AT5G55630	-0.303449802441017	0.049948974592032
AT5G57830	0.438246064609065	0.0499637389463127
